"item","parametro","fixo","verdadeiro","estimativa","erro_padrao","ic95_inferior","ic95_superior"
"Item_1","a1",FALSE,0.8,0.792720019234501,0.155165848507541,0.488600544529123,1.09683949393988
"Item_1","a2",TRUE,0,0,NA,NA,NA
"Item_1","d",FALSE,2,1.83294316973224,0.443278988880613,0.96413231642291,2.70175402304157
"Item_1","c",FALSE,0.2,0.321054231449754,0.244063712679966,0.0500473542512776,0.809317273864542
"Item_2","a1",FALSE,0,0.237267470043032,0.263523998704772,-0.279230076480301,0.753765016566364
"Item_2","a2",FALSE,0.9,0.968488592870611,0.268731677671923,0.441784183128615,1.49519300261261
"Item_2","d",FALSE,1.8,1.75388068482393,0.258525924217177,1.24717918428833,2.26058218535953
"Item_2","c",FALSE,0.19,0.213451853012879,0.140362951128674,0.0500754515907139,0.582821401823594
"Item_3","a1",FALSE,0.86,0.67368112067086,0.261546269037533,0.161059853066472,1.18630238827525
"Item_3","a2",FALSE,0.6,1.09419485551816,0.280430091524273,0.544561975949317,1.64382773508701
"Item_3","d",FALSE,1.6,1.48282284374278,0.228778768914802,1.03442469624236,1.9312209912432
"Item_3","c",FALSE,0.18,0.202827544218932,0.116362908655243,0.0584558992488288,0.510453143709272
"Item_4","a1",FALSE,0.89,1.36140946075301,0.313962300184888,0.74605465988728,1.97676426161875
"Item_4","a2",FALSE,1,1.25637893212253,0.312352000709557,0.644180260232771,1.86857760401229
"Item_4","d",FALSE,1.4,0.884854039823314,0.218947348530923,0.455725122192166,1.31398295745446
"Item_4","c",FALSE,0.17,0.350696165062689,0.0650075068278715,0.235858226850174,0.485894084256878
"Item_5","a1",FALSE,0.92,0.484433228190277,0.336923152219995,-0.17592401571862,1.14479047209917
"Item_5","a2",FALSE,0,1.16626427542811,0.403167911346263,0.376069689467195,1.95645886138902
"Item_5","d",FALSE,1.2,0.00165213367175494,0.532867494973619,-1.04274896500862,1.04605323235213
"Item_5","c",FALSE,0.16,0.576281847694663,0.0833746240149646,0.410549735007065,0.726462867815943
"Item_6","a1",FALSE,0.95,1.65815992351694,0.304129180555821,1.06207768297985,2.25424216405403
"Item_6","a2",FALSE,1.2,1.07047872021956,0.278256701299597,0.525105607215425,1.61585183322369
"Item_6","d",FALSE,1,0.951410161950698,0.156892117111311,0.643907262954289,1.25891306094711
"Item_6","c",FALSE,0.15,0.176977630402214,0.0526934646892389,0.0956944737960671,0.304086461330633
"Item_7","a1",FALSE,0,0.549888831108515,0.23207399135677,0.095032166300786,1.00474549591624
"Item_7","a2",FALSE,0.84,0.645879522041134,0.234498922983716,0.186270078579618,1.10548896550265
"Item_7","d",FALSE,0.8,0.372443734375168,0.400496183998994,-0.412514362208587,1.15740183095892
"Item_7","c",FALSE,0.21,0.374653660847786,0.126362737663601,0.172301271377749,0.632927728748204
"Item_8","a1",FALSE,1.01,1.14271715104619,0.282337203412812,0.589346400861321,1.69608790123106
"Item_8","a2",FALSE,0.8,1.17248962519105,0.306898953814522,0.570978728821568,1.77400052156054
"Item_8","d",FALSE,0.6,0.377159592337028,0.198965862427343,-0.012806332173515,0.767125516847571
"Item_8","c",FALSE,0.22,0.25334304147133,0.056070380758462,0.159516703913175,0.377565499164885
"Item_9","a1",FALSE,1.04,1.7253542293781,0.330816020082335,1.07696674450784,2.37374171424835
"Item_9","a2",FALSE,1.04,1.08943636509456,0.294809577195762,0.511620211493381,1.66725251869573
"Item_9","d",FALSE,0.4,0.252771213942461,0.191609991820844,-0.122777469104408,0.62831989698933
"Item_9","c",FALSE,0.23,0.3089992134626,0.0411476491934124,0.234600990954386,0.394820627582458
"Item_10","a1",FALSE,1.07,1.45307569219467,0.285524648446377,0.893457664541307,2.01269371984802
"Item_10","a2",FALSE,1.07,1.14271841695177,0.267507990597853,0.618412389803297,1.66702444410024
"Item_10","d",FALSE,0.2,0.334589663350897,0.172603440890841,-0.00370686440283791,0.672886191104633
"Item_10","c",FALSE,0.24,0.233485327068783,0.0443107484920318,0.157891931900684,0.331042961512711
"Item_11","a1",FALSE,1.1,0.85484439005765,0.230783785403482,0.402516482451004,1.3071722976643
"Item_11","a2",FALSE,0,0.502273259732074,0.225344726219567,0.0606057122356828,0.943940807228465
"Item_11","d",FALSE,0,-0.260318535867683,0.360769808093939,-0.967414366441231,0.446777294705864
"Item_11","c",FALSE,0.25,0.330090328688914,0.0826557455086654,0.191485693486309,0.506207727935144
"Item_12","a1",FALSE,0,0.513811002474693,0.17618354565545,0.168497598321444,0.859124406627943
"Item_12","a2",FALSE,1.13,0.5675739369354,0.170159115812045,0.234068198302611,0.901079675568189
"Item_12","d",FALSE,-0.2,-0.0968211008638722,0.236516049456565,-0.560384039564433,0.366741837836689
"Item_12","c",FALSE,0.2,0.166233892189021,0.0785737135344463,0.0615905075801613,0.377203354449308
"Item_13","a1",FALSE,1.16,1.21318371823381,0.232429900605948,0.757629484115926,1.66873795235169
"Item_13","a2",FALSE,0.9,0.881856381859409,0.224924264019699,0.44101292513162,1.3226998385872
"Item_13","d",FALSE,-0.4,-0.284121835668139,0.167195296941101,-0.611818596057178,0.0435749247208997
"Item_13","c",FALSE,0.19,0.135761181597296,0.0377744049030771,0.0771324276767902,0.227946716029185
"Item_14","a1",FALSE,1.19,2.01068312578147,0.368982159032829,1.28749138313929,2.73387486842365
"Item_14","a2",FALSE,1.2,1.04591166846368,0.331831855940001,0.395533181898191,1.69629015502916
"Item_14","d",FALSE,-0.6,-0.866106675743334,0.218254685657575,-1.29387799908929,-0.438335352397377
"Item_14","c",FALSE,0.18,0.190363975356785,0.0260604883315969,0.144420528709403,0.246708612435415
"Item_15","a1",FALSE,1.22,1.21501729723871,0.287610058477873,0.65131194103062,1.7787226534468
"Item_15","a2",FALSE,1,1.29327605673162,0.288053977230859,0.72870063575562,1.85785147770763
"Item_15","d",FALSE,-0.8,-0.959953044215229,0.222713562504363,-1.39646360559239,-0.523442482838068
"Item_15","c",FALSE,0.17,0.194454159153066,0.0288354041340427,0.144041091902806,0.257209412295344
"Item_16","a1",FALSE,0.8,0.795492601361357,0.278229667573622,0.250172473486506,1.34081272923621
"Item_16","a2",FALSE,1,1.32838916950277,0.256897003767009,0.824880294383185,1.83189804462236
"Item_16","d",FALSE,-1,-0.941191226428829,0.229459379157285,-1.39092334549203,-0.491459107365629
"Item_16","c",FALSE,0.16,0.157594514473033,0.033531075867364,0.102360455483313,0.234835769186337
"Item_17","a1",FALSE,0.83,1.13982739815181,0.219275391948156,0.710055527237525,1.5695992690661
"Item_17","a2",FALSE,0.9,0.722577763810958,0.204196388200874,0.322360197164086,1.12279533045783
"Item_17","d",FALSE,-1.2,-0.880121142905113,0.190732589176445,-1.25395014836902,-0.506292137441208
"Item_17","c",FALSE,0.15,0.124881946125688,0.0316282306516246,0.0748675292443495,0.201047032269498
"Item_18","a1",FALSE,0.86,0.960861941230756,0.275593969670773,0.420707686319617,1.50101619614189
"Item_18","a2",FALSE,0,0.455787332085541,0.292072667051722,-0.116664576204393,1.02823924037547
"Item_18","d",FALSE,-1.4,-1.8912676372171,0.465464338573364,-2.80356097690866,-0.978974297525552
"Item_18","c",FALSE,0.21,0.262852592287043,0.036945598768608,0.197037705859112,0.341306744281378
"Item_19","a1",FALSE,0,-0.179041509596101,0.373205032000469,-0.910509931166139,0.552426911973938
"Item_19","a2",FALSE,1,1.83111909486327,0.5584032424474,0.736668850815975,2.92556933891056
"Item_19","d",FALSE,-1.6,-2.07350226001808,0.622479493836406,-3.29353964905216,-0.853464870984007
"Item_19","c",FALSE,0.22,0.230096721666218,0.0382267567374821,0.163735095382627,0.313278832998921
"Item_20","a1",FALSE,0.92,1.26166943711666,0.258680925772006,0.754664139116048,1.76867473511727
"Item_20","a2",FALSE,1.2,0.807877275884093,0.249107122684717,0.319636287129647,1.29611826463854
"Item_20","d",FALSE,-1.8,-1.417820679053,0.268674406470514,-1.94441283930288,-0.89122851880312
"Item_20","c",FALSE,0.23,0.19674862044603,0.0285168013028941,0.146740166766429,0.258633899950952
"Item_21","a1",FALSE,0.95,1.71595185305813,0.370397187951516,0.989986704698243,2.44191700141801
"Item_21","a2",FALSE,1,0.871281873239344,0.308811400579538,0.266022650088079,1.47654109639061
"Item_21","d",FALSE,-2,-2.14441830604794,0.381814836105296,-2.89276163357739,-1.3960749785185
"Item_21","c",FALSE,0.24,0.216136506380525,0.0224283300030855,0.175405932821725,0.263304964393445
"Item_22","a1",FALSE,0.98,1.02100012295645,0.296456957155873,0.439955163964606,1.6020450819483
"Item_22","a2",FALSE,0.98,1.19014970187965,0.291017942938221,0.619765014865808,1.7605343888935
"Item_22","d",FALSE,2.5,2.40429045846975,0.241485544020987,1.93098748940155,2.87759342753794
"Item_22","c",FALSE,0.25,0.227414499340062,0.13391184735257,0.0619891289144532,0.567305451164811
"Item_23","a1",FALSE,1.01,0.959203672120894,0.353479751101087,0.266396090698581,1.65201125354321
"Item_23","a2",FALSE,1.01,1.57291969949544,0.352986136028502,0.881079585837616,2.26475981315326
"Item_23","d",FALSE,-2.5,-2.49449245977951,0.403718906230846,-3.28576697586987,-1.70321794368915
"Item_23","c",FALSE,0.2,0.193985622319673,0.0199686383941715,0.157807722398453,0.23613199237841
"Item_24","a1",FALSE,1.04,0.980306611498832,0.211105994843204,0.566546464685653,1.39406675831201
"Item_24","a2",FALSE,0,0.400785351362396,0.196535864349687,0.0155821355665602,0.785988567158232
"Item_24","d",FALSE,0.5,0.339231374044622,0.284722510709175,-0.218814492533181,0.897277240622425
"Item_24","c",FALSE,0.19,0.249200474616766,0.0990696577907755,0.105204764377099,0.483736827639611
"Item_25","a1",FALSE,0,0.718306436576504,0.221906265259731,0.28337814872364,1.15323472442937
"Item_25","a2",FALSE,1.07,0.87250410623279,0.280973378736412,0.32180640329489,1.42320180917069
"Item_25","d",FALSE,-0.5,-0.907170598789367,0.31570192500217,-1.52593500164359,-0.288406195935149
"Item_25","c",FALSE,0.18,0.246785499346059,0.0497070667105421,0.162472258820165,0.356241700154623
"Item_26","a1",FALSE,1.1,1.51385661008575,0.279532805954106,0.965982377918274,2.06173084225322
"Item_26","a2",FALSE,1.1,1.07589674543895,0.271415619016309,0.54393190732534,1.60786158355256
"Item_26","d",FALSE,1.5,1.6304902104616,0.132280590061409,1.37122501808754,1.88975540283567
"Item_26","c",FALSE,0.17,0.0993170058804844,0.0507034276137993,0.0350339759259402,0.250884871514852
"Item_27","a1",FALSE,1.13,1.62935712278954,0.314868049593335,1.01222708570423,2.24648715987485
"Item_27","a2",FALSE,1.2,1.06800245687592,0.269120190583229,0.540536575820238,1.5954683379316
"Item_27","d",FALSE,-1.5,-1.57644717223495,0.271921767291451,-2.10940404273868,-1.04349030173123
"Item_27","c",FALSE,0.16,0.145041202441531,0.0233396662107427,0.104993428623637,0.197002126126432
"Item_28","a1",FALSE,1.16,1.16510568201009,0.277881428568439,0.620468090043412,1.70974327397677
"Item_28","a2",FALSE,0.9,1.30383248218103,0.250587128792498,0.812690734758431,1.79497422960362
"Item_28","d",FALSE,0,-0.0203593941031573,0.161359452000001,-0.336618108588278,0.295899320381964
"Item_28","c",FALSE,0.15,0.143989923508722,0.0380685291046334,0.0841012668302238,0.235557191651349
"Item_29","a1",FALSE,1.19,1.14682116487079,0.230700658148279,0.69465618369048,1.59898614605111
"Item_29","a2",FALSE,0,0.403986537507108,0.228757409334837,-0.0443697459858596,0.852342821000076
"Item_29","d",FALSE,0.3,0.185610497908432,0.245184150257299,-0.294941606175932,0.666162601992796
"Item_29","c",FALSE,0.21,0.227348841254112,0.0768252496337068,0.111003688790785,0.409470553609277
"Item_30","a1",FALSE,0,0.640881472759767,0.224332731327786,0.201197398803806,1.08056554671573
"Item_30","a2",FALSE,1.22,0.911771395877089,0.229631343752806,0.461702232400052,1.36184055935413
"Item_30","d",FALSE,-0.3,-0.521273789177059,0.293313194879881,-1.096157087332,0.0536095089778862
"Item_30","c",FALSE,0.22,0.255535482629246,0.0600081885804332,0.15609793235312,0.389109969248368
