"individuo","outfit","z.outfit","infit","z.infit","Zh"
1,0.584011140002582,-1.0740091515614,0.770320817608751,-0.921114326431423,1.34677682578238
2,0.545041141939402,-1.04922444522613,0.748240762378818,-0.965130817893676,0.930029784925392
3,0.595781895651714,-1.73176685729889,0.601792327942217,-2.06413248693104,0.815239982510071
4,0.949655798691293,0.0597747837420558,1.09872155686046,0.441540412709506,0.736665708276162
5,0.691789065903372,-0.90112859718653,0.755488213993825,-1.07065776183369,-0.789948343720653
6,0.955443825558688,0.0679416208112795,1.03025007583276,0.200889055833706,0.618960866845608
7,0.529181488186262,-0.998569025295733,0.608554361420224,-1.5844679174131,-0.276104202724639
8,1.01300111705821,0.179763801674525,1.16264185454565,0.677951205521288,-0.489935480091516
9,0.746921118043199,-1.00419678043148,0.781797819248638,-1.01593459195443,0.0912182876091876
10,0.854155672516835,-0.36203699026679,0.850726650325253,-0.604520253274546,0.193546010281064
11,1.69239397159914,2.25557691775068,1.55555191543012,2.24310156404712,-4.1998697104865
12,0.509216589349195,-1.64945809754952,0.572003044256486,-2.10655785280948,-0.0563393334132407
13,1.11961131233866,0.50260704868476,1.05664769510518,0.325224303593973,-1.94314120866814
14,0.984682993546905,0.0531490854398326,0.948125950137259,-0.157997077336724,-0.552405875982867
15,0.937567461500464,-0.163728859706443,1.00657772410393,0.10266832146809,1.1598065687921
16,0.409054584266286,-1.16506983170784,0.641076505829763,-1.28719389252733,0.324861822042268
17,0.818141352189377,-0.324838555007616,0.984460493845162,0.0219236969521642,0.959562938811042
18,1.19483199741692,0.619374245426955,1.15217593463018,0.68533172644963,0.541887026969385
19,0.972948455902348,-0.014653877725367,0.911827082959203,-0.343530514702568,0.182964052312547
20,0.653159437923317,-1.26541916495785,0.740855847759429,-1.20663838723253,1.29712095967854
21,0.745984771049693,-0.574104661048446,0.996440490185858,0.0674899875211831,0.864899795658352
22,0.993497618315976,0.0602157398344639,1.02917103490139,0.205412976412077,0.330386954427108
23,0.799704442022182,-0.192793458369953,1.14983021496348,0.581180168871433,0.794593082742451
24,0.399865896848893,-1.04373223931619,0.71648441875928,-0.882976399464467,0.996147126204241
25,0.979528310050943,0.0271999843943213,1.00290676130679,0.0877683757223639,-0.669288804581474
26,0.949711140251525,0.0135730063470074,0.991099599589454,0.0478023548997315,-0.20817861273259
27,1.32015248774065,1.22408177851589,1.31566142615606,1.39441127010065,-0.449302546936836
28,1.61535967628076,0.865809712083773,1.23294736150728,0.633794166499508,0.307531221786477
29,0.568288141334658,-1.14021404970143,0.735882299180932,-1.09221756969689,1.47115718624653
30,1.02203026731638,0.170825222431533,0.811840098590268,-0.850845574565154,-0.407908040113371
31,0.908658188342708,0.112460830349189,0.890311325181219,-0.201734389604653,0.0871836740824647
32,1.27284767351482,0.998427209268295,1.22978567669972,1.04017583202652,-1.47410915269042
33,0.741118439568597,-0.534306949515795,0.752445042712769,-0.988469368061245,-0.777325225024085
34,1.31444435641223,1.20555317315981,1.43870904606428,1.85206356597117,0.75079379898631
35,0.649707656880319,-1.33451149628871,0.685965734763542,-1.52903420656915,-0.836189914953933
36,1.48054277358541,0.955376495760512,1.21791880982919,0.803051815407791,-0.586874036318545
37,1.74503579635526,1.29998171253127,1.19554368540546,0.730541538937325,-1.29987623764822
38,1.21422067165829,0.846005728353411,1.13023673170488,0.645235994534755,-0.932695287675565
39,1.42984722165171,1.47654859606842,1.38067977686943,1.6226709561905,-0.163422800091067
40,1.04272613338731,0.250135468765774,0.94521414051658,-0.184668068617909,-0.0981433909174464
41,0.921166254975367,-0.231097945179463,0.996663323337785,0.057001915902977,0.228386128466347
42,1.50614575942205,0.861743924907727,1.35295773837161,1.03858968857036,0.766679580867362
43,1.50659837183611,1.8030599538777,1.39753605230625,1.70314806645683,-2.16538051472503
44,0.745484794718713,-0.517445131028063,0.87134363084326,-0.446357148870397,-0.712912588988886
45,1.06462862175663,0.33175096704554,1.15430432540003,0.748919417732532,0.421139697599619
46,0.757568253976208,-0.944255560205591,0.812413358107524,-0.849041601763664,0.250225480091571
47,0.839973331647875,-0.459134001024031,0.958501526967914,-0.112108744121862,0.184360760174077
48,1.12302633120889,0.421378876099945,1.23972318280717,0.96626953199455,-0.052851609369205
49,1.61597106861399,1.41036414506799,1.01046723616455,0.124936800515153,-0.646104088840185
50,0.839707432159884,-0.565351479712989,0.901766756618126,-0.392650122324843,1.24276990983482
51,0.807716069033996,-0.649974071870874,0.854884714192975,-0.619714813522173,0.604893119894444
52,0.420514405892119,-2.77222685475446,0.455572159195225,-3.08614516068881,0.852877828627119
53,0.932104557331728,-0.0162034949776494,0.955435435931171,-0.0930004459572745,-0.384901377357827
54,0.7244825964244,-0.812155655093754,0.734746978079129,-1.19203446671959,-1.30857354359245
55,0.732059164239666,-0.871831661102205,0.789867699290892,-0.925167047987406,0.379582652224941
56,0.87558674138083,-0.344101899223867,0.963183545098658,-0.0909789290268586,0.246274087988225
57,1.24630743611567,0.967462364753516,1.17596542335685,0.836079769011852,-0.942594964263035
58,0.794592198623785,-0.614686957311814,0.834450582326952,-0.701352017943062,0.710290377918614
59,0.451242627413449,-1.72609170208505,0.536229584128352,-2.25014045748934,1.66648033789505
60,0.943923061249626,0.100758976372228,0.849942721498048,-0.416347810644631,0.525059883623855
61,1.46263465946575,0.875159356678341,0.928732757307612,-0.133944031149727,-0.0986924625173018
62,0.800492441274593,-0.735184284483609,0.830546088545323,-0.751189321021851,0.663897110165386
63,1.09986832168415,0.392204300655726,1.12464835706707,0.586052128448315,0.986121047631844
64,1.58474146206274,1.35941539910056,1.37096745412017,1.42020962975612,-1.72747072136269
65,0.950093141298875,-0.0462083978025498,0.80423941912173,-0.837249711792583,0.384065438559911
66,0.825266276782697,-0.350885883201797,1.00256792532979,0.0918296913133063,-0.125059312567413
67,1.11824777251899,0.513723092635135,1.13467080764719,0.660018260959131,-1.1921370525776
68,1.27871568321854,0.955442175423381,1.12535922968837,0.611698119140731,-2.84163913720693
69,0.478420762272688,-1.09601202346045,0.657525699801682,-1.30350091141949,0.66311029601183
70,0.513949363722262,-0.640921547592955,0.750204741845633,-0.692629521316012,0.646108957044571
71,1.07933931820902,0.385870953805089,0.995249269193725,0.0507815855377908,-0.827919974261291
72,0.668424809715208,-0.467504685264931,0.86409425961321,-0.389856441689032,0.241694493449835
73,1.11699871730304,0.440098686492725,1.06635164266759,0.354421757973626,0.170408948108987
74,0.821343607008053,-0.623734326869449,0.845865106416073,-0.6716116679614,0.698047096092521
75,0.745181469107852,-0.847406555184584,0.810798805944346,-0.824773645019531,1.06634748408715
76,1.43655752323664,1.57049363850912,1.33926029033322,1.47880035719384,0.949008543303706
77,0.275188514611947,-1.51970025710762,0.372341612719733,-2.59991622744151,-0.296110858273711
78,0.908885579723261,-0.272552018161584,0.863515834845501,-0.584891428428432,1.32651074461953
79,0.878270959419793,-0.408809688776489,0.880340287899372,-0.500699407331282,0.571537161980783
80,1.13615005379641,0.497932839509998,1.02433893765401,0.18135130736412,-0.214273163481978
81,1.4269960334929,1.15021373718774,1.21708388705439,0.929147539036705,-0.678737319603235
82,0.736133403013082,-0.714361162564547,0.932748916022011,-0.214391692323938,0.449057898951911
83,0.677627578399301,-1.33349755152525,0.712087860511691,-1.40198395825958,1.14825407899741
84,0.686984853424845,-1.04373274375518,0.748639666802075,-1.14580900143403,0.122136429694683
85,0.68146854680215,-0.712908097858832,0.768317038806926,-0.913779911299479,1.20656722429361
86,0.880413845334775,-0.346035615112893,0.898845417345989,-0.399562313266795,-1.08440109254834
87,0.92523004975697,-0.147120426126337,0.981270995460941,-0.0081321837605996,-1.47733069958948
88,0.632659589999459,-1.28628305460752,0.639854947602817,-1.7637909416002,0.136205547606543
89,0.750966392643756,-0.964274006116014,0.805651723106987,-0.882353351264551,-0.524879937632908
90,1.34395100733352,1.27570307146499,1.3443309429212,1.49550915355581,-0.195237847915905
91,0.457644327550498,-0.940533021849787,0.769783773709609,-0.707171955256261,1.09802110872252
92,1.05595554963936,0.280359715936931,1.02167250279932,0.170381012942881,-0.326630544847536
93,0.799119082703829,-0.737816316535698,0.888618686130065,-0.45883384901871,1.77473660722412
94,0.815363700882589,-0.510860726589857,0.894097657000423,-0.404991130266003,-1.40346805341539
95,0.922012766569527,0.00458079889317262,0.983325665359395,0.0303689526926333,-0.26995743146623
96,0.614642344389292,-0.55680998066288,0.946967946026083,-0.0740295065337309,0.911354070216115
97,0.462561369601365,-0.830269174369308,0.612523139522295,-1.27795679648615,0.512575128892632
98,1.12098341937646,0.393987187363556,1.12069549421867,0.480530857132613,-0.0367720054540383
99,0.785627269718221,-0.822115626765765,0.8304489112432,-0.757317619578349,-0.43542566832959
100,0.881140564111411,-0.399598834628331,0.912267620605258,-0.343659138440597,1.51117015310108
101,0.937544012161509,-0.0859913194968452,1.01006368881582,0.120269704506873,0.512238831403773
102,0.942773922627994,-0.137694346673185,1.01837794028023,0.15644121903977,0.869494634958427
103,1.11918654433178,0.498892816585093,1.04425838503347,0.270042454637068,-0.671071757582743
104,0.898889178505533,-0.2503659277085,0.83627000681751,-0.693852282726775,-0.917328495937129
105,0.614352256763011,-0.62493537995368,0.825255890275198,-0.537495745515434,0.445977107073869
106,1.14354620284389,0.619481111195779,1.11106124637982,0.564965798967755,-0.853588836548072
107,1.33601536759419,0.891855875926372,1.20977925824026,0.877209348136968,0.413141406575782
108,0.259638443279262,-0.72394003466919,0.591363923603353,-0.83771321899841,1.2850890856434
109,1.13652779245888,0.587531804576419,0.911666311120868,-0.343807345440385,-0.0931415533367852
110,0.834180849760527,-0.482208454147533,0.842679886721974,-0.665107967289597,-0.61274249610241
111,0.69659415508012,-0.936784321766656,0.758493582184917,-1.07316685122426,-0.401766374504406
112,0.981405210518196,0.0391324550308572,1.00512833884297,0.0977533134395641,-0.0228304735052763
113,1.14471379489766,0.591330665419318,1.1417115145876,0.688532077177098,-0.552700949599425
114,0.928337617130523,0.0715561645108564,0.890851148824793,-0.271083247233642,0.421505708165016
115,0.879783988572097,-0.251786889018399,1.02200860312611,0.171417636404348,0.642701209091554
116,0.714118714431823,-0.917418113368516,0.810487060896255,-0.813514745558182,1.27116006123634
117,0.745714556150935,-0.61566181258328,0.902375510142965,-0.337586722717188,-0.446512439405461
118,0.755324294144435,-0.360163112263243,0.8870456770105,-0.331334703520368,0.764984546812688
119,0.403902052201536,-0.470351015078751,0.933443112535873,0.00838682154988291,1.47341651515204
120,1.16350385890395,0.691677432557291,1.18518171990524,0.87728705468556,-1.78754881470693
121,1.28479199029097,0.75487917800049,1.36369947152903,1.37087913630247,0.377249036370521
122,1.04618846717535,0.247806792687087,0.972559752637746,-0.043135754443702,-0.0469438112938977
123,0.731255131228731,-1.07755821566309,0.718142681039177,-1.36988028714343,-0.49462777599273
124,0.980805324132671,0.021294565263733,0.98254124561387,-0.00570055146817208,-0.318876993956702
125,0.721499541664929,-0.989426421015352,0.74673131445216,-1.1731288629075,1.52664565491784
126,0.302381201262915,-0.843344262645885,0.660556451396131,-0.793250457365989,1.5839754452739
127,1.09019993733396,0.349524795980676,1.14939620556232,0.651678903838204,-0.319260475298838
128,1.16113495293979,0.451964579007906,0.832969346444223,-0.420233504909784,-0.0871825959644157
129,0.573148955931927,-0.572673371377967,0.823507986820187,-0.471396233459753,0.816270500493768
130,0.99621625053701,0.0912645733142195,0.998082185259676,0.0675274526567082,-0.213245651151591
131,0.936101418420573,-0.124946481798963,0.885478006001562,-0.455868527044299,-1.88478779754871
132,0.848069941929714,-0.336071574292908,0.857587802465044,-0.556705870909058,0.339242970609656
133,1.10063487873355,0.376862715754942,1.20460791650435,0.859455565092807,0.339201243110789
134,0.637526616205682,-0.909742280429863,0.684801709362483,-1.35617176156548,-0.397111761842884
135,1.17877069470168,0.47548344453512,0.922289419386407,-0.0961414870747294,0.225246037614765
136,0.678095287993347,-0.421630282775829,0.517667511228467,-1.83953018650931,0.294043411329218
137,1.25981694406508,1.00408895708474,1.26919770323405,1.20742500622138,0.0463562333646323
138,0.516371592941449,-1.06842669544482,0.65766064933362,-1.37564273776062,0.90555534001727
139,0.815304491099463,-0.642210281016576,0.877344510888153,-0.511486769968376,0.476655504319484
140,1.16577030881354,0.687140740591531,1.17187711221981,0.817331369305687,-0.173150942201543
141,1.3516938078756,1.25023515576164,1.01984954708595,0.162991109122112,-0.723697645821581
142,0.85332062086164,0.0131316165988459,0.983970389610409,0.0685762232545286,0.593837720530994
143,0.347794236299301,-0.822636449509454,0.699173496532363,-0.731115850373504,1.38158902505272
144,1.06189813427194,0.305247952790205,1.0924438928585,0.476917651752064,-0.236864615102685
145,0.682017092872946,-1.32218562890562,0.749008935426842,-1.1959276691952,0.773722829310811
146,1.03365956487082,0.210910284620491,0.869127337939355,-0.534812526485932,-1.15973159546639
147,0.637722833071267,-0.394128052696421,0.812113905743007,-0.487189537901287,0.983444403194773
148,0.950439577634978,-0.0879254055692168,0.967892028834388,-0.0736287536687184,-1.18640026667979
149,1.86198958042938,1.82704105257735,1.2670030284078,1.07085475803883,-1.24100468818812
150,0.537376231821802,-0.871230770690545,0.805029717200557,-0.635714979550089,1.15013573384424
151,0.666005294582649,-1.22163302395958,0.735791338158628,-1.22923961873624,0.833533805228599
152,0.855564345873613,-0.458331345456983,0.918626589792825,-0.304192217066237,0.932892447649593
153,0.442552578797243,-2.43418065160963,0.477298817801036,-2.87129196257781,0.735934264667042
154,1.20091543621971,0.82326531773018,1.15859548005503,0.767224910340473,0.711407624230915
155,0.815482223067668,-0.682891504699602,0.892833552543285,-0.438689784011753,1.31790986675238
156,1.01963328673711,0.166926912397628,1.137438528326,0.654363470192998,0.481866047066648
157,1.16871762023121,0.705683199337609,1.22330764133417,1.03146958834821,0.166224343224125
158,1.28628486451862,0.897297167287112,1.36893802612015,1.50742603021752,-1.27622070369848
159,0.883114637150922,-0.380425121155233,0.936483216546302,-0.224356400405191,-0.248564622856983
160,1.20111476968113,0.825139746447131,1.24953944966068,1.13690315083906,-0.0716222682208033
161,0.442059296842252,-1.00675218079766,0.600675621853631,-1.43038752188412,0.627936188900404
162,1.45199989666766,0.964006023073487,1.17358547264834,0.690377547877982,-0.109015764347554
163,0.675666818246365,-1.32328017851194,0.69590024010068,-1.49607665578921,-0.736729421912888
164,0.700400201037787,-1.20189904286963,0.695046997773935,-1.50114714945124,-1.12359998556492
165,1.18055409575606,0.71269334699343,1.23181818881839,1.05513388584357,0.691201456961051
166,0.822548223018345,-0.64250511835962,0.898779613754284,-0.4094210968261,0.90669848510345
167,0.751426096596783,-0.788731521619405,0.809839109590342,-0.827477322470503,0.788494985399027
168,0.935668062049085,-0.0993115026005192,1.0163045817473,0.147134016593039,-0.523957305472102
169,1.97839680971875,2.84317951939552,1.61857179333747,2.42856819695354,-1.55591223387957
170,1.60239373764414,1.31197176730731,1.33800750944536,1.27472145565102,-0.94050355633224
171,1.4771354521234,1.24731893944738,1.29655611923569,1.21110348590862,-0.863821296812887
172,0.9234180933403,-0.198862871295644,0.955536897524128,-0.132619303877005,1.75294154608419
173,0.785289635272491,-0.509845429272211,0.790773615974465,-0.86505550319346,-0.47511822761699
174,0.736364243761121,-0.642754140941092,0.720582488831186,-1.2030669112921,-0.196480724006348
175,1.29670736328755,0.723749681922768,1.0727329789752,0.3531968701597,0.335890058772019
176,0.965538789207134,-0.0319687697801555,1.02585251724003,0.189478243325106,0.834564358740583
177,0.753676322692531,-0.741543158289845,0.843620709413883,-0.648669094903176,1.19007107231164
178,1.44912665269496,1.13686814466445,1.57053807224165,2.06860072248349,-0.794734643571581
179,0.594791457929684,-0.827815175719796,0.783767603488162,-0.776699610387633,-0.0494576320805677
180,0.503058951654236,-0.997297645381416,0.66920144178808,-1.23522089038657,-0.600168026453789
181,0.790427723361731,-0.0602759672664657,0.553560876382733,-1.36899101752882,-0.302590411216498
182,0.894403094418342,-0.343975121505291,0.91202895384218,-0.345250472641467,-0.928337715597012
183,0.869569894409506,-0.344710064658852,0.945895367048887,-0.169119702573765,1.63187025434734
184,1.14776304532345,0.616099760199153,1.18602244315384,0.87193278962193,-0.838766837005877
185,1.7905714351405,1.43234640609569,1.36586597380928,1.27402550602295,-0.599110385587715
186,0.689930005628739,-0.703433666231606,0.925060591265716,-0.222779431397319,1.46649162201253
187,0.488113521928341,-2.13458120367437,0.52430122515051,-2.5444365990411,0.527822084722524
188,1.69862491695419,1.49747004247485,1.5025184589567,1.79894806026591,0.00167848927642306
189,1.0801927006115,0.385910562555229,0.96163260315139,-0.105817832965276,-0.132204531704489
190,0.693132162134591,-0.981167287068203,0.834462502375944,-0.694524592116176,0.673508049293499
191,1.12600324861501,0.511142498227697,1.17215083661884,0.805586022369386,-0.682346443205792
192,1.19283918315517,0.790962930796903,1.20016933290027,0.936304878505932,-1.27740198652344
193,0.644584852571096,-1.16580608187828,0.751051431032513,-1.11789800242755,-0.641052029519402
194,2.2940562181066,2.47918987513788,1.41345503336979,1.55476828757061,-0.491953001444553
195,1.23991940898289,0.939654906483374,1.20216462242978,0.944357958387517,0.648872867557916
196,0.444607162736153,-1.52882355241949,0.577307322629123,-1.90341724155412,0.949726983091407
197,0.933044940039992,-0.181975532648301,0.926379953611023,-0.27464813875571,0.37090034792748
198,0.695786505453689,-0.680921277259158,0.700704086551493,-1.25002557116852,-0.0750045033604237
199,0.959460015859365,-0.0689553417280169,0.992566561990323,0.0384769145964834,-1.08001427167868
200,1.07617438929821,0.371765698242215,1.01285904163771,0.13143513240135,-0.797804820761529
201,0.731802309505511,-1.07569461765225,0.703316432892839,-1.45705393355132,0.842792380685571
202,0.573240010586147,-0.876364235258837,0.831618615376044,-0.567188884622842,1.10532173021943
203,0.791526002934145,-0.795908941618779,0.847943095009832,-0.666711310437824,0.299080298449407
204,0.705776104715247,-1.15393665916525,0.774083231004374,-1.04634196837346,2.30236459399183
205,1.47349588767305,1.70262334089141,1.31260069247121,1.38359702945339,-0.693308345105694
206,0.881619898919298,-0.327054134335086,0.969590159561632,-0.0623435335836591,-1.21840284394548
207,1.11005326700227,0.41480502510556,1.27022096432833,1.1277448921346,1.220402287238
208,1.03348661727552,0.212704595760696,0.902361660083188,-0.388025957183767,-0.438403565359431
209,0.781165833345857,-0.613543107264139,0.902530652023417,-0.35880688807533,0.464977145486787
210,0.563655540514068,-1.22274793960782,0.730647581112815,-1.14202127253048,1.64596319116297
211,0.441857558571025,-1.15908078633833,0.62383332240575,-1.43018561299712,0.623355180230126
212,1.08520331771963,0.344079375719893,1.15996507918176,0.70739377122775,0.806892320802963
213,1.26115212757862,0.98333986865676,1.14394170185744,0.70071706112325,0.920547518681556
214,0.751344860549667,-0.784468234537182,0.747386192996722,-1.14515394736174,-0.0959246765028432
215,1.07246382054536,0.334515749971129,1.16147057275465,0.756944721705871,-0.177378810910744
216,0.963540703567233,-0.0422597453633231,1.02315578936954,0.177784695921532,0.434698880421811
217,0.893366094038386,-0.0400655592342634,1.06902863036406,0.333733140779898,1.29139480147868
218,0.665388416373401,-0.878205423579871,0.857915443337093,-0.53667691153111,1.39565819986605
219,1.22507514490424,0.845201612827489,1.12165582424445,0.603915394194007,1.16715801744476
220,0.997354085789528,0.0754231754917815,1.07240438851076,0.397411409544651,0.794169343510301
221,1.47521468930939,0.864505890660543,1.09805593639779,0.402846390426808,-0.0592572496441847
222,0.720099671238825,-0.377831879285104,0.89510595808814,-0.283771896834161,-0.497112017984351
223,0.856523233347119,-0.50608658425082,0.947937084685321,-0.17153510677595,1.03194636926275
224,2.61913966002582,1.88922787934036,1.20062353598914,0.669296109392074,0.90054060576121
225,1.34622846139076,1.30706121222796,1.21991712542955,1.01784003454302,0.143991144232631
226,0.95424668641878,-0.0333831505409761,0.962041881368613,-0.0906584791612405,0.0762406526703297
227,1.6948561092753,2.19168680708889,1.37483179260135,1.60061849509778,-3.55470456533425
228,1.82938844050836,2.59827260916386,1.35745188203082,1.54466774614733,-0.714689931421748
229,0.684013789389249,-0.767071560196416,0.812351403740571,-0.733334540409915,-0.292138280759004
230,1.28064947452021,0.70373593953296,1.04042526028851,0.238442981201601,0.350168473667191
231,0.918545923907176,-0.117906206623774,0.965775026559466,-0.0679742231821572,-0.394384039695512
232,0.774400781147789,-0.164708330623214,0.795328703936641,-0.57113587910533,0.898204389135539
233,0.636785710809727,-1.44095308322057,0.698873170682173,-1.46403398836821,1.44298083087459
234,1.25678375862428,0.991060114135359,1.17006020312877,0.809597026628157,-0.61698925035774
235,0.739969729433535,-0.461374935697815,0.792144728671414,-0.758317569205836,-0.750712634521281
236,0.453809005077136,-1.24357032901939,0.601116397907442,-1.62209888004806,0.934608891481289
237,1.04655781130882,0.262657283322776,1.02603919791906,0.190979204120748,-0.815003094200154
238,0.905723917495165,-0.293483034707164,1.01036928376114,0.119981082464005,-0.934384622574392
239,0.412953896338253,-1.11477786293283,0.543653503904759,-1.71947204935865,0.59004603544578
240,0.549801838354388,-1.92554376421011,0.612478635131364,-1.99243007595311,1.6698529284569
241,0.878851210341261,-0.376334774638793,0.905690443928502,-0.371316354667917,-0.312328091418201
242,0.946092024683288,-0.0709365385170091,0.992726043395381,0.0435728321713398,-0.486641315389546
243,0.892861654853405,-0.325899495326586,0.944566947955483,-0.185280403111284,0.481136436737618
244,0.684141439588742,-0.624224442348182,0.947400192476323,-0.115875066379017,1.71894064130376
245,0.760157882478857,-0.786058226506573,0.783272726819216,-0.966950947276151,-0.249931689405211
246,0.53005188568598,-1.01709899390231,0.758806750990357,-0.883337053904649,0.29870032174444
247,1.26792695317562,1.05258123092041,1.16592523555036,0.797773844246929,-1.17500832447252
248,0.974117193582949,-0.0112164238995085,1.03693183189486,0.239982013075754,0.610775630835744
249,0.845659301452553,-0.39660782792286,0.863425910063753,-0.545341649648144,0.0924162200947237
250,1.2809235612114,0.899188342075355,1.18483593647398,0.835816374034765,-0.545740635812029
251,0.634202598723611,-0.556776388568514,0.76403605814864,-0.768544403775381,0.449033373609009
252,0.810074180929815,-0.653956998859737,0.838026169568711,-0.708178759233851,-0.359000657576504
253,1.16813860671289,0.479096782806474,1.11214795277864,0.476912911301668,0.402265474958519
254,0.590068023146056,-0.948317749328709,0.716185267455421,-1.14584527298319,-0.5812632560278
255,1.00466362129105,0.109899541752801,1.0620029075353,0.348841840331606,0.121235188812314
256,1.02750634655287,0.213428942450615,1.18043365415972,0.732802930188168,1.03950816405323
257,0.855041355961541,-0.239066227215328,0.877242288677979,-0.431835626444478,-0.265492403666223
258,1.08464815600625,0.333021880236093,1.20356862992311,0.820264939594845,-0.746200446577447
259,1.11899560315147,0.487514002662788,1.20565809193342,0.938461876594367,0.59671967375436
260,0.260387432691187,-1.44094404202003,0.438940083973015,-2.08834430537898,0.45360526584651
261,0.823790428715363,-0.645263759726547,0.829353955951263,-0.760885265991502,0.728508596092676
262,0.78281805693322,-0.286884266465647,1.03590776731352,0.220138296685277,0.303666580674252
263,0.641449956139816,-1.52694307218983,0.629130681079885,-1.90229045340584,1.10770940140962
264,0.73107472231424,-0.563600387480915,0.873487428013556,-0.438585299573718,-1.17281342524779
265,0.691202039534625,-0.998630368259707,0.748088812179177,-1.14068508982187,-0.622247293177978
266,1.16695269595864,0.468335179956533,1.17695742141026,0.66263735699803,1.21628720759678
267,0.736262251671409,-0.6893280497181,0.80950793704154,-0.781143270257151,-1.20042354856541
268,0.985783887271877,0.141893713629929,0.969626997487254,-0.0174930715562992,-0.694742533294771
269,0.986750524936943,0.0944232790529363,1.04068697190168,0.245995798431114,-0.863935785610146
270,0.501314273652933,-1.53800844637664,0.619184728818774,-1.7663951007418,1.51518090292611
271,1.21874849371456,0.860368990835818,1.10548416693559,0.53988390445629,1.43761621832046
272,0.645751160672052,-1.10523217802268,0.745113427608413,-1.1332387912628,0.657917159627265
273,0.894924796871465,-0.0895470076720934,1.02585194348013,0.185190167799144,0.169250433561464
274,0.986297452504969,0.104013066449156,1.18021116481353,0.764126693447619,-0.434630366205721
275,0.875547998482206,-0.332079737482731,0.999155544173546,0.0715938514881094,1.6991112027948
276,0.84464772894672,-0.411116653808842,0.985408108575629,0.0116597652971263,0.354496905268181
277,1.20009378730048,0.821857215951678,1.17394374286239,0.830956377556849,-0.336156722393821
278,1.26202531517533,1.01189719242261,1.11875701712979,0.595822878528757,0.0164778851429239
279,1.02511884093672,0.184557825741883,0.994969083834236,0.0541373810295352,-0.402573366327668
280,1.36934512983066,1.36979251184036,1.23632127310351,1.08369361153123,-2.37697477522515
281,1.44344593719076,0.995304149502053,1.38612849613829,1.39130064453919,-0.0101185754652264
282,1.08935353899901,0.387928786660928,1.19548196550195,0.892935511585614,0.17460466950869
283,0.677689904962469,-1.33548386359901,0.70933532330432,-1.42144043683817,0.611889199827371
284,0.953211324288776,-0.0961836743366289,1.02862908149937,0.202676129622644,0.486415445302007
285,1.09001078981934,0.391981844759711,1.05380294589459,0.31045759100974,0.30114509131552
286,1.05388571972457,0.291007201501659,0.914699311399808,-0.330305705316174,-0.15566947349525
287,1.196342847645,0.765444361715073,1.35630880231509,1.52518730700491,0.29085342919421
288,0.711496212710067,-0.723372945811869,0.874298334658329,-0.462425645162674,0.674877572254276
289,0.737322546603627,-1.0500922190549,0.815735428680875,-0.834169177226388,0.267273882388763
290,0.938369865309353,-0.0361477654685351,0.970091412532399,-0.0433420921100964,-0.215722054490239
291,0.7462195237624,-0.340161667691097,0.947254303209862,-0.091433038302198,0.94458618982377
292,1.25418909987646,0.91998823994727,1.31211779722459,1.35631645157209,1.75901643702964
293,1.10845615219099,0.434542665924105,1.19793610514707,0.891444728310076,-0.691387445070933
294,0.766856101498295,-0.900092644849022,0.853012001234138,-0.638227301018062,1.53132045664633
295,1.75653199153093,2.40436842786881,1.66463418160935,2.6002721246275,-0.0284977530684232
296,1.97021508393119,1.54966555425386,1.38636308452732,1.29368759468886,-0.652291930836314
297,1.09558755945232,0.395652141564854,1.1789692759358,0.816225270929888,0.310563382103042
298,0.949343129807371,0.0144669504495824,0.983868407887659,0.0186179394141918,-0.661828515136647
299,1.18852988264985,0.725188969810586,1.03728967233933,0.239757499764959,-1.16843209486776
300,0.634606551670597,-1.28254547910264,0.719001509001236,-1.30194120500757,-0.147329366727792
301,1.02175260011844,0.202259922784188,1.07416942798897,0.362728101614071,-0.5695216414345
302,0.880560452196598,-0.114980989804482,0.93937170008223,-0.14625235171351,0.943298858162701
303,1.43837753251897,1.4071654191689,1.2444286057442,1.08332517435277,-0.235126440088117
304,0.876378792365101,-0.134133500262983,0.859136374740171,-0.479325437404351,-0.607421542134424
305,0.927324455765875,-0.0103429988355777,1.07147855336153,0.353420576005911,1.02685206425184
306,0.956400522748333,-0.080158850695816,0.933899795290328,-0.235742342253251,0.748179639763756
307,0.861212883961686,-0.417876835271402,0.958011140388542,-0.118387445462772,1.31711295826733
308,0.654971426930224,-1.21135275037039,0.772219876382884,-1.02036860033164,1.5089360973427
309,0.762187077429683,-0.692487342736633,0.80245963067477,-0.848716173116891,0.660462136443394
310,0.620693981574388,-1.20551094204064,0.73717102198258,-1.16871938603883,1.66056802944089
311,1.32664397957873,1.21826522559589,1.2660465389835,1.19889465284713,-0.2212231761174
312,0.971813720918713,0.0168523264155717,0.955382108924102,-0.120962577007914,0.159932633912528
313,1.2717278606242,0.882447993651914,1.33776576540657,1.41026296378979,-0.789986902332376
314,1.80631680788871,2.14012042117865,1.49362695151164,1.95269233869911,-1.89247351018996
315,0.633789640879159,-0.885848090744619,0.734948497214927,-1.0885998630555,-0.501237218315083
316,0.414914305242198,-1.35865285080299,0.591332068790545,-1.65917703649616,1.31208043341605
317,0.609230904374406,-1.29329895505673,0.696815069576557,-1.40520446704158,0.0527359185547857
318,0.757453240421196,-0.2357139802979,0.904404312335238,-0.214892666200338,0.962234159108071
319,0.477305555624488,-2.44099154067957,0.508186302354018,-2.71317519297916,0.663116803096673
320,0.500742168102413,-2.05220827021041,0.457836460493616,-3.02226410510417,-1.063977291473
321,1.29980160095383,0.835107981429477,0.879897531848493,-0.431963296038291,-0.673968683259082
322,0.642987689206615,-1.23173356035847,0.689260611971336,-1.47342223707852,-1.17021785585506
323,0.393386890870376,-1.26522166548839,0.579369548107933,-1.61020311694885,0.704047224940239
324,1.35287483692856,1.27563105064806,1.36708192211583,1.57211777128686,-0.0427748746809107
325,1.08744051524192,0.418129090316321,1.11075979421554,0.564621947161464,0.116216677964703
326,1.16692425961239,0.479263409255093,1.09809984525491,0.432868708031476,0.926581263403344
327,0.767867840529334,-0.674895740171095,0.637884027220082,-1.73604136748752,-1.144312739602
328,0.46508589371617,-2.46473076805526,0.509549634589951,-2.68125532216215,0.252228610346318
329,1.02644756530441,0.201611773587377,1.04001011084522,0.240947368105665,1.05653432032623
330,1.59293306137525,1.60437382850261,1.28852232795914,1.21648761632139,-0.408564354792953
331,0.956669588910021,-0.0648475029304358,0.951329217818564,-0.149065648563176,1.95416958615155
332,1.62142975650396,1.69010153494817,1.16208707154205,0.743835995139181,-0.0221292691253082
333,1.10673982563266,0.373861853860793,0.986777349988471,0.064971752374553,-0.326099370011924
334,1.08624708731176,0.413293205690375,1.05657681721384,0.327986942138135,-1.15809013341896
335,0.809385517181568,-0.49452164128111,0.854413449497816,-0.583410275225586,0.638070985185651
336,1.09501860355096,0.442924023470741,0.935508747672329,-0.230807832018034,0.062295895738236
337,0.743214207355994,-0.851266854841238,0.790191048165975,-0.936643605140355,0.66920774033681
338,1.21046301822171,0.656973811646525,1.16750670792304,0.743410755534399,0.0225031446128266
339,0.920866270630682,-0.22405347441757,0.99783334956389,0.0629421739988237,1.9650216062412
340,0.837542475494917,-0.495165897730607,0.807301746908287,-0.853392065541584,-1.86671503990569
341,0.758133871578947,-0.941411925406509,0.811874571565412,-0.851837046157227,0.321736244634745
342,2.20613134291262,1.40396492867835,1.28304705854244,0.8053708933681,-0.202006660764918
343,0.555242791805112,-1.93203194046971,0.627135081986938,-1.89835305597272,1.21569214676608
344,0.855085476584968,-0.397854691816159,0.956340609406049,-0.121344017575002,-0.08735099681329
345,0.333687972864081,-0.960847986673749,0.595998173271928,-1.1682167858978,0.87499293092571
346,0.968422819604481,-0.0322887907407581,1.05145993636139,0.304563334207414,0.0669487067368708
347,1.06766553533086,0.309760592544848,1.21627251536022,0.761526223152155,0.811233041132043
348,0.940743897402384,-0.00896022069673236,1.02011897229438,0.163280857936151,-1.56178036750106
349,0.619267736929871,-1.08351713559111,0.609251087915058,-1.8280261636208,-0.151862756811673
350,0.932292269508293,-0.186268029404461,0.92398313181782,-0.286974058424813,-0.100310431037544
351,1.12511712174161,0.525136969900645,1.13391054597004,0.655659546959451,0.0487565137783628
352,0.638326426502301,-1.53058719454188,0.598921684167011,-2.0900614003418,-1.00581372565197
353,0.775474746526969,-0.836703531790545,0.775152607892655,-1.04666710065427,0.700567263490155
354,0.15298307678635,-1.04432002310864,0.308568209965949,-1.87602145535402,1.43372532475788
355,1.14426574425241,0.552049868955117,1.02598221967303,0.189369674107841,-0.641921933217387
356,0.199735179092624,-0.81738945148274,0.273607276365124,-1.92826395725056,0.837643045234259
357,0.872101132372164,-0.383992602092361,1.00228995161488,0.0839720723327882,1.24374099861722
358,0.983345100946104,0.0244763900815697,1.05862267185092,0.336341936689083,-0.242176051104256
359,1.06829811387638,0.299714466385788,0.845994534286937,-0.505985992316556,0.353677304647114
360,1.18297114535803,0.7504248750982,1.14505283130839,0.707199242842882,-0.390144580350831
361,0.675407750748693,-1.06460930108393,0.790932936931449,-0.916604350227357,-0.254346412061716
362,0.515326873849274,-1.88990606164736,0.57192628401838,-2.18388974987606,-0.536275191880575
363,0.551440996422047,-1.07786151854071,0.662242671969728,-1.40660167596956,-0.124326820303777
364,0.735739479861346,-1.05549325980164,0.810324614636261,-0.861985726629088,0.514670336589322
365,0.148583969584559,-1.0373857892925,0.292784232675476,-1.92159830363086,0.944728732887828
366,0.797350723473473,-0.673020056880901,0.88298842203726,-0.476447530268533,0.394955284340991
367,1.13915713196076,0.5767882897011,1.01358338335398,0.134789602081468,-0.0119522410820933
368,0.715248912195497,-1.12817288303768,0.765419523156301,-1.10201979340421,0.734011867743578
369,0.500162398227361,-1.37108020242373,0.611042860390831,-1.73563761152505,0.143390717348503
370,0.665884781926941,-0.563821948231817,0.808580718901264,-0.63788398972646,0.727622622009598
371,1.35588296348371,1.33406343232933,1.22173044566803,1.0242786558886,-0.603636053144731
372,1.40884608902794,1.35645105734846,1.39325949429717,1.65203405543756,-1.29783281781493
373,0.68057660461846,-0.975103159736488,0.790424425196359,-0.901678608485157,0.79690691602047
374,1.32096304163627,1.08738872160369,1.30649021433934,1.32564078291941,-0.822148061434933
375,1.35146173322801,1.09202239151648,1.37785228093082,1.55463780947947,0.643362792401971
376,1.17901838438044,0.692799696339739,1.14825085320893,0.71307869499444,0.0363760651844724
377,1.04997919579529,0.263649720324401,1.11999110421225,0.58889635940855,0.526902198786098
378,0.858314782777141,-0.496566634337177,0.949792853593838,-0.162801938052211,0.519184238924218
379,0.792306975057044,-0.727486903241362,0.86677361254158,-0.55837748648018,0.206100765024727
380,0.840968196096728,-0.412800241900585,0.947251492439277,-0.156340379890112,1.16879997945653
381,0.501689935845387,-2.04970435149969,0.584674339228625,-2.12476261823908,-0.511792133737526
382,0.71628204414502,-0.909058315275287,0.753552534180032,-1.11512975497705,0.385092415443114
383,0.936506441778592,-0.0616058519724875,1.12892808619921,0.60019379329813,0.403269129923719
384,0.886479354014018,-0.369019005207159,0.923853929365178,-0.286823984836329,0.936062827664451
385,1.32067598511559,0.689921383002508,0.956991555815279,-0.0412183316621994,-1.12844833839235
386,0.478264411176173,-1.01544073221098,0.68879325788906,-1.1125962247878,0.712829263897808
387,1.12158916074488,0.528464606767733,1.05367340485628,0.313460527087694,-1.48498101674832
388,0.814853763998853,-0.690305627874644,0.850190885070944,-0.655105215244416,0.0480197709750844
389,0.659976850503571,-0.77921758722921,0.731299317562726,-1.09632983798787,0.70811380171877
390,1.14748980304295,0.616606157129461,1.16121884875179,0.773911094454104,-0.276129207118608
391,0.661112141710777,-0.988246259631689,0.765798419577515,-1.00832334832732,-0.333665918096613
392,1.27975604212924,1.07490096964588,1.11236967858799,0.569253429303834,0.577645711598184
393,0.706376364776642,-0.739971570914233,0.794532353640594,-0.835033990627357,0.408174393176674
394,0.976537392220467,0.0519768722031077,1.11632219153376,0.55206156554663,0.774524563286189
395,0.630420717398361,-1.51826010182906,0.690745217118767,-1.52014094521595,0.709431527963455
396,0.700726561855905,-0.431910365238152,0.883733280188776,-0.320946006305226,0.271208997026807
397,0.538338711790213,-0.540343064543939,0.916882470867173,-0.125396936718023,1.49354551637638
398,0.899997673303268,-0.120395313696719,0.955099928210055,-0.100685148223993,-0.135923338132948
399,1.1075110682927,0.480899668121157,1.06197429540112,0.351028053236739,-1.01430654705616
400,1.01254909374542,0.134236063505115,0.95130319190045,-0.155001276808955,-0.529792741306743
401,0.33199688731678,-1.03975458903927,0.619970309618053,-1.1323985529491,1.0336894590313
402,0.573604065407452,-1.40634792071511,0.653453216612275,-1.63645080821416,0.491412438927798
403,0.386199917982638,-1.09446932955759,0.66964942964348,-1.07679794631135,1.49831241426612
404,0.983769803717758,0.0457900014276326,0.963792265755016,-0.0884045858662841,-0.468431493615426
405,0.498536914059102,-0.718553185720832,0.745971519358282,-0.734320071959136,0.940517603584931
406,0.893872144561266,-0.3426966175567,0.893216110408518,-0.436523614259459,-0.149556410376733
407,0.758456225116384,-0.0419106395739415,0.742204159970287,-0.580100473135503,0.0499637911961623
408,0.994890024805665,0.0715377021381873,1.03156857471515,0.21555723488834,-0.659428049093411
409,1.33180877730129,1.2225045508926,1.04148538017201,0.260207378202255,-0.577071430056363
410,1.17558716612599,0.735093101003659,1.07889722604613,0.426569490358518,0.495113125520533
411,1.02838721705948,0.208747406384024,0.984561303931128,0.0241619143875621,0.644300987860968
412,0.663719337393113,-1.35735702049438,0.73562836484059,-1.26385726449412,-0.413555361026425
413,0.722408657852882,-1.05468581021909,0.726072174766133,-1.30606235629651,0.652506247959627
414,1.96392458989354,1.75224798839945,1.15023520550389,0.624419873714682,-0.09030199938041
415,0.565449073544196,-0.96230015902197,0.799900117737668,-0.724346727650248,0.63060846935927
416,1.04318594174205,0.284829015171054,0.770544367952468,-0.645122984916133,0.208664209196698
417,0.958417642701082,-0.0768914296044223,0.932304926063676,-0.246160663727106,1.62367201639961
418,1.23911905637142,0.941872936882843,1.26835850395133,1.20946558622597,0.0501382474300875
419,0.809865566109147,-0.691341506449795,0.89885651592939,-0.40627902632345,-0.301777653038079
420,0.671824573673344,-0.631061823769526,0.86857272403641,-0.426496983171912,0.731048507053125
421,1.50709401954887,1.3160494224078,1.07122851074531,0.370653873984601,0.273218658983482
422,0.693485018927402,-0.57828699513606,0.677747757563347,-1.28267809447797,-0.45073102099014
423,0.305359433688243,-0.972969965157909,0.560691012168861,-1.24855432955386,1.16677399604834
424,0.748053627116997,-0.547621684106403,0.89830419936269,-0.341227801415001,0.755100230952772
425,1.17602502144475,0.615688976735864,1.11854616952861,0.572198334537955,-0.162269551158434
426,0.691420714579046,-0.343210228699753,0.765635456912837,-0.696517836632459,0.0142704587374747
427,1.53931245837415,1.67996473028622,1.38895812665753,1.62100230173471,-0.622402921954531
428,0.668258818261123,-1.33736998794304,0.738054235427173,-1.25065537562561,1.67930563263909
429,0.742678716285565,-0.836130068311943,0.767231180128987,-1.05264700364946,0.952100643220051
430,0.685070890213132,-0.959416650646304,0.767086316261751,-1.0215178250804,-0.506142862409804
431,0.657659094268315,-1.07680736740613,0.751437234413441,-1.10582848771131,1.41352322378679
432,1.06483035330291,0.31052112096667,0.954010250847898,-0.132581511811868,-0.399919308967004
433,1.04967633801272,0.255295205019375,1.03885437085204,0.238623082345166,-0.108244792494543
434,1.13960207784203,0.607652364086014,1.20415689523139,0.954211137585165,0.653231767745613
435,1.23820475333724,0.76310368694362,1.37534402421034,1.52099669445924,-0.329585842998161
436,0.718104101100556,-0.524874725468693,0.951105715007334,-0.100369105419096,1.15898870609591
437,0.311725978560862,-0.707661200030185,0.732799844434884,-0.509282927851134,1.72633499026474
438,0.987108905461958,0.0754250551160537,1.09580633769525,0.475294613399121,-0.885329097975241
439,0.476228756506012,-0.790096255888092,0.820088559138617,-0.477573579881171,0.522084315526565
440,0.863443932792709,-0.175578931185011,1.0417369014215,0.24538603758994,1.08693211110288
441,0.834824649597833,-0.547857824522767,0.950310179576906,-0.154992850949964,0.320647897162954
442,0.658938179679825,-0.694741816031084,0.755695695106386,-0.928317083145043,0.238705602765227
443,0.71363207684226,-0.608967234556512,0.831805650646018,-0.619518903893014,-0.383204283171614
444,1.26727747229134,0.794873763466753,1.04452223258211,0.263157674309836,-0.374730824069352
445,0.650702704458435,-1.35871232558413,0.735713463363726,-1.25209155818773,0.662816763379828
446,0.504186558514413,-1.51780897691911,0.630538178450126,-1.69635666522886,-0.0214931470891146
447,1.37719316124917,1.17855998543894,0.923616615623198,-0.269143013756412,-1.70951866600675
448,0.540113453025162,-0.966579612081225,0.676176311096694,-1.25282224965727,0.710672978536216
449,0.68559774322755,-0.615798995466986,0.774061629896499,-0.843057541851449,1.14408595662945
450,0.815002208619164,-0.638699516804703,0.856959492327762,-0.612940528686265,1.35385830320618
451,0.952066652715847,-0.0129552332869449,1.16135095037779,0.723579329469015,0.832677557890926
452,0.979448226337081,0.0797125639954149,1.06105411467149,0.325266015642187,-1.12528962370992
453,0.875671791397622,-0.156091552920597,0.907204782887075,-0.291972477713548,1.17776402781755
454,0.87025853617024,-0.204882286547099,0.711092737266032,-1.22043186109483,0.15859081917744
455,1.07244765809531,0.360164270220395,1.14773756095237,0.721118628838,0.799748394253378
456,0.824311251521698,-0.597702478428903,0.888012190025928,-0.454374498057067,0.599074779821124
457,0.876731071699398,-0.409525641808121,0.960243928765999,-0.111919206196093,1.41533998250513
458,0.838696493965763,-0.449990524792722,0.954832170021244,-0.12734827871148,1.0774465385813
459,1.12758091749186,0.485511174750123,1.18764179987286,0.84787386039147,-0.351526660859913
460,0.833741963439892,-0.274551687761926,0.972347578171563,-0.0256502296906257,0.535119969629835
461,0.613850349909574,-1.49508478425787,0.635912885795119,-1.81231323890333,-0.490779409959964
462,0.590646584703178,-1.76402788013297,0.607330359161667,-2.03744668554679,0.0955313698837505
463,0.851138149362444,-0.526539070527975,0.913298983748856,-0.338927311478206,-0.853440971824863
464,0.766289113169534,-0.587112670549511,0.80878533741715,-0.784170782908457,0.520002336931851
465,0.869725860230542,-0.430958082388891,0.80256481478453,-0.899973473547848,-1.18585593044328
466,0.639462679460421,-1.49543173130349,0.686475666423609,-1.54946856758516,0.458126457427892
467,1.03171697830033,0.205742435075139,1.12872711786713,0.63485802333827,-0.63761792583217
468,0.734015700045456,-0.500113803694257,0.914001713100516,-0.252404004929634,0.254589666280063
469,0.858880873164815,-0.384508740971531,0.982442223176259,-0.00319139063993623,0.150583334849482
470,0.877485336086805,-0.410120458688463,0.799127925617065,-0.921665418513404,0.644842509476754
471,0.989457663873644,0.12990406866751,1.05831428177428,0.305175594111924,0.6287241008305
472,0.226374634953299,-0.955532009072967,0.464796282760786,-1.38874990069626,0.954005207458172
473,1.23131948919412,0.656339214317038,1.19202010375447,0.803488452784375,0.212977879805694
474,0.93621422367648,0.201354100912327,1.04756093235277,0.25046479214588,1.08103468355574
475,1.3441655879409,1.27040730314421,1.28945676250239,1.28509356499722,0.135169003456262
476,1.00736817498249,0.115120885137525,1.06564903496033,0.367724797469508,0.93419087634889
477,1.06009793103924,0.284814524743533,1.07188266949706,0.376841013428387,-0.361375132227801
478,1.19495754493038,0.705670217122485,1.16993522720715,0.790686533974586,0.0112028463366135
479,1.07097341713741,0.308938249138015,0.959835329214329,-0.0870651663118413,0.452730972046272
480,0.673013261801336,-0.507499992720517,0.853991477387693,-0.438247092881115,0.477673170782371
481,0.665962152590388,-0.925251576119678,0.758805491688489,-1.02826196119618,0.681280586813765
482,1.01027638158648,0.128543964979707,1.00537763139517,0.0976517336392561,0.993632970518573
483,0.623893488767239,-1.47099440350703,0.717839304900377,-1.34011218978501,1.38107572004219
484,1.57206682072277,0.91289603596677,0.969628493013775,0.0328514686757401,0.0177538860179261
485,1.04831304904471,0.271308407897411,1.06409260022087,0.361464911048786,1.18296925165272
486,1.5306673263435,1.76658973720689,1.36010274235739,1.54045216223294,1.03693253700079
487,0.660587566263024,-0.908490082342112,0.783806505337024,-0.890346682766814,-0.177142786084529
488,0.83209869260188,-0.551770243053855,0.896306541881156,-0.414668822588285,1.07812327223617
489,1.40760906728794,1.29625163365628,1.04625294571815,0.277458489293967,-1.37037314675075
490,0.365038811921522,-1.08428836370507,0.377746910978006,-2.41856086606822,0.151010724216478
491,0.929154609020464,-0.0797959828811728,1.09853452226741,0.480752017521807,0.135375066943089
492,0.951724898956811,-0.0557115303495787,1.00117334844093,0.0805993189729711,0.00731619203239398
493,0.637090841113997,-0.470939612468161,0.986030517279381,0.0603168037705051,1.17217693910668
494,1.47946341968229,1.72258127927974,1.30884282176251,1.36922073140441,-2.20470087759168
495,1.0784071781672,0.319626803566135,1.22816564808903,0.898280624449784,0.348995881508442
496,0.990414820824425,0.113163629637732,1.06582644390288,0.341311456719611,0.483668152854723
497,1.32320282236232,0.713034624117536,1.05164987925503,0.270910098741158,0.208197514680939
498,1.23543990022196,0.928219192672214,1.27099973940864,1.21950284265391,0.46101179979638
499,0.54746211960068,-0.552571227515465,0.818873377018431,-0.447954217231312,0.83918431014902
500,1.05196533183021,0.274737806356809,1.11859381040084,0.586907474001192,1.01973959265552
501,0.965739023451329,0.0775876098187522,1.07859035779225,0.378847557985629,-1.22057698317461
502,1.10457120573337,0.45964949267234,1.03243648525724,0.219239928231897,-1.41579887964492
503,1.87647465512859,2.41905906481691,1.56641466337121,2.22786198371322,-1.62992832371961
504,1.1325793185258,0.531251513562254,1.08612527524938,0.449720955320255,0.0470376410094784
505,1.16993903600646,0.660661141771506,1.18316385845396,0.854401218640326,-1.43226917508884
506,0.824466434096975,-0.61652127834725,0.828266718675876,-0.759526103661907,0.510080984631412
507,0.704726402370047,-0.809468870734531,0.785521061774595,-0.902659540741253,-0.0511363461959209
508,0.635432727836406,-0.700654995101784,0.843433398033838,-0.519167585072226,1.07213203192869
509,1.12292370819562,0.494220767022431,0.88611863012474,-0.449484603175018,-0.832351805896844
510,0.75857448302102,-0.707512583966268,0.84133001070516,-0.655977552218178,-0.99007039910179
511,0.511858316499949,-1.87608729867465,0.584929097444946,-2.10603210804723,2.11105466079509
512,0.783887003376695,-0.76599954082912,0.832217718416081,-0.738091342034204,1.64573050498386
513,1.04160351558275,0.24283715214748,1.21822313646029,0.86085293819814,0.515248945284295
514,1.14247203574118,0.605387423799062,1.14547919137246,0.709890886585506,0.691077366396322
515,1.27516078233905,1.06302182856661,1.1929858564019,0.908073650297651,-0.997887845360947
516,0.78870797058654,-0.597793004562984,0.844472378595401,-0.640829935496053,0.104454973518285
517,0.880209061893274,-0.351459026650985,0.848258791032532,-0.651241581570816,0.900724219028635
518,0.9555181200847,0.0570328589785822,0.923436084608347,-0.209169073675147,-0.404890455425965
519,0.854958205859504,-0.506267334814883,0.801443211771767,-0.906763182454277,0.114672731961525
520,0.749208584641583,-0.597485158891357,0.929931058664489,-0.215749265580709,1.29654394112601
521,0.624402615753715,-1.06649035258683,0.742682811351772,-1.10607292600076,0.107452577418843
522,1.04157409515611,0.245745590318356,1.10940629003058,0.558882283393092,0.126583660817698
523,0.941915495689164,-0.0481130255092451,1.02328385895353,0.176550121687995,0.309792175584674
524,1.42502648926168,1.2203865444152,1.16211920766239,0.739807250243542,0.335407181772219
525,1.51257344309345,1.59866564489678,1.27112203247892,1.19122515464681,-0.639928409928332
526,1.04256843731002,0.246748627423226,0.777327073307639,-0.812735024590065,-0.822090194178658
527,1.32228067874093,0.97262882834341,1.26362338788272,1.12238422858595,0.661594836490256
528,0.862021445999227,-0.206682506455888,0.971042547453411,-0.0321070433595901,0.41120275708415
529,1.60930279910344,1.07459490850311,1.23435905699033,0.819745812343977,-0.436525003542895
530,0.834880949814721,-0.473100698683866,0.88819958943794,-0.440642826149139,-0.491274509763483
531,0.5554561382514,-1.6850119826302,0.631092245265205,-1.82773004625671,1.28598090202481
532,0.647849063288173,-1.42265630107141,0.682654383539943,-1.56623335405351,-1.15417350547146
533,1.02007287174596,0.164208507282619,1.06362903031196,0.356612777695738,-2.25120799210019
534,1.33357507116725,1.20215375018139,1.3268051660106,1.41783933890836,-0.139773338530207
535,0.946193235921086,-0.116872648739552,0.964803524857274,-0.0901144915251508,1.02289282732791
536,1.56410304725309,1.63652969594032,1.19836691857707,0.895989723363586,0.583649838918813
537,0.74211428545631,-1.02245284728478,0.790147258521185,-0.970668891144351,0.182687986028817
538,1.29814344370467,0.845570850233587,1.3006278340914,1.21649805523999,-0.223462443665081
539,1.01357026596407,0.143829268426121,1.08338573644814,0.43626795420602,-0.0963728268374971
540,0.826176246961679,-0.134386380042834,0.778704058466505,-0.706111047038707,0.368385569180252
541,0.72212642417951,-0.914173109134462,0.816874865997573,-0.793503237808226,1.43763881409957
542,0.915721026192805,-0.141460301261985,1.08083118918765,0.415827718310959,0.172692673060723
543,0.964679663976465,-0.0534275846366441,0.970427628180059,-0.065072949148859,0.66540458683292
544,0.233001518919199,-0.698840518281606,0.570769521938175,-0.82574652011954,1.67242752455135
545,0.794494206333639,-0.668683187536082,0.866454796565728,-0.555017699931599,1.38895197070721
546,0.868769274480606,-0.401164687790948,0.741232897606955,-1.21899028415977,-1.04289971254874
547,0.887443561673899,-0.297616513409184,0.99164914555521,0.0377876212011781,0.678963195662739
548,1.11467005164481,0.518187130069871,1.08012047459494,0.43187614294166,0.334237658107215
549,0.72375123741123,-1.0736842711618,0.774832341650459,-1.04827357602776,1.43027736917056
550,1.07976475888406,0.389628907262795,0.988360146068179,0.0185858278520959,-1.42107831029474
551,0.721899855945409,-0.539095942047256,0.865322787821856,-0.456188876145341,0.584046993435184
552,1.16145311185727,0.582099852756905,1.13985230691291,0.660122651194446,-0.890301440602719
553,0.518296113281135,-1.64531076073384,0.608737384325163,-1.89600036420305,0.987507363550936
554,0.899298477515467,-0.26560130971511,0.81652817320824,-0.801774321083848,-0.359875311904061
555,0.932267077978572,-0.174746749207688,0.968699646611895,-0.0722676340128227,-0.744988600550606
556,1.03408340106543,0.216192525880873,0.967972016644582,-0.0761491276263877,-0.450005376019726
557,0.826166966281676,-0.635906938521373,0.861734788745021,-0.596028097605746,1.16549335078766
558,1.42090264184815,1.25468198022706,1.19120545197924,0.861455120514675,-1.4509976790643
559,1.35730892516146,1.3353275270285,1.26339115162684,1.19145409705451,-1.46623270699324
560,0.884069590594576,-0.300267995828705,0.985237556769564,0.00975277524720743,0.10312299773072
561,0.675401855072703,-0.841394399124446,0.794556679851957,-0.833803902249526,0.364497016230402
562,1.30412541821332,1.01977536183033,1.14495523189309,0.690737905533597,1.26662460035028
563,1.11959457492702,0.396526656715603,1.03648877937227,0.222597034594552,0.715511668229243
564,0.666748512525641,-0.527708103273588,0.891112495807792,-0.298691296569706,0.0929990658757715
565,0.342460408912706,-0.71930081162933,0.774945079193232,-0.436533498358422,1.45310787842705
566,0.745481136525344,-0.754153232084907,0.879711621066836,-0.47045937076303,0.373021358267647
567,0.855348066951788,-0.221208646470174,0.878023868596721,-0.419743451799457,0.744740091839829
568,0.673154318980999,-0.784857882295525,0.818590837160249,-0.700096778688966,0.958352103470534
569,0.965190590716891,-0.0325541014824706,0.988061099280808,0.0192957626413521,-1.4209409956965
570,1.12587440628556,0.558838326642747,1.15925022859195,0.769936835407754,-1.11137980462597
571,0.726025949479052,-1.04055670418665,0.775003261830336,-1.03739618314121,1.23407435813586
572,0.515045610119957,-1.12150917689393,0.655193951481182,-1.39875818080763,-0.55823889878753
573,1.20767706206516,0.847733560349867,1.17345337184307,0.829016834003401,-1.77180320103478
574,0.895693762196819,-0.181261850082277,0.935985568546644,-0.19689118185121,0.0360523856957353
575,0.902696540278866,-0.300705505243207,0.967461496079468,-0.0786551910369306,2.6698204967413
576,1.07820331275511,0.339049951885778,1.137643639209,0.645754431879435,-0.390202704962734
577,1.01703787189207,0.160372297048359,1.07010032836365,0.375178124022493,0.0626006325504566
578,0.869344962222677,-0.358167586557124,0.915464308273816,-0.310523386768348,-0.330211081400185
579,0.888728692410394,-0.115861551429651,0.915621029215436,-0.253560540024634,1.31923467590735
580,1.29299307342841,0.739197722178642,1.12865111833578,0.560959256355122,0.239213572855236
581,0.716233438187698,-0.986769661409807,0.8158782526646,-0.802637310203616,0.00358440523666126
582,0.852896865283528,-0.419679363685006,0.777775497537139,-1.00070194742377,-1.42409669110885
583,1.06972942414913,0.312364367923683,1.16790386844594,0.758567635444738,1.39881021908517
584,1.69123855801373,1.27942692549991,1.14796910980848,0.595898579294555,-0.896371328621217
585,1.16016058338117,0.478478320054865,1.16702787005588,0.680411740302242,0.245675880351938
586,1.12007089909224,0.532207677059156,1.08618973688861,0.456959167374713,-0.00549819699982555
587,0.74392141970369,-0.764941907449973,0.883194342446192,-0.45485368552017,-0.622697909897161
588,1.21372632242004,0.868972536384718,1.17778125467664,0.846819572974135,-0.302489892778706
589,0.834529310772261,-0.349363495471505,0.842802167186697,-0.612945305557115,0.252660575565602
590,1.20368119650594,0.784259227183888,1.21627166180987,0.987563272794655,0.209411618697008
591,0.661883018590394,-0.886185559783215,0.763813239048521,-0.98312612183975,0.313993235785818
592,0.865471570640612,-0.394808410607726,0.927672829279211,-0.257232770492658,-0.645946658815652
593,1.06687833024338,0.340056399140104,1.10060439793542,0.520717002762996,-1.21665091946044
594,0.953135800513769,-0.0992305757809498,1.02422883194648,0.183046567848069,1.11797920288344
595,0.913626488323774,-0.256564044232859,0.99866002067589,0.0663508054116375,1.56029930228441
596,0.966066388703995,-0.0342733642519,0.916016872638794,-0.320253348696499,-0.0566690281687511
597,1.88011497627442,2.2135554330157,1.57141712094326,2.18439083223856,-1.1233474363206
598,1.00229656055924,0.0979235218947313,1.06782165713387,0.376133099253365,0.446965113236297
599,1.195721633581,0.800011477340275,1.13251887194135,0.655768118449351,-1.14389846072432
600,0.622882516012105,-0.764964719792811,0.835908539063891,-0.560970425455301,0.0824289642972584
601,0.799283027959758,-0.720836696252608,0.818695830428866,-0.80801876432844,0.910724674471423
602,0.902965977686458,-0.297402473681267,0.974108077106898,-0.0466776250477801,1.32470464149441
603,0.847199526374342,-0.303200818292257,0.897210897521886,-0.361288539722695,-0.151489389012572
604,0.714784894007706,-0.958073059129399,0.808926993569231,-0.837089432621331,0.659040533356903
605,1.34660696626631,1.2467885710625,1.25690079102516,1.1569689081358,0.599773111992814
606,0.805971444727193,-0.309566725743529,0.775310837621285,-0.854944297391154,-0.69196368772011
607,0.741625078122128,-0.699019266887762,0.867443141748157,-0.5134014298081,-0.619572026475975
608,0.771784055596016,-0.860929171562592,0.818215232538666,-0.814622672112064,1.10522181424386
609,1.60624357784749,2.03944083135369,1.45831458449817,1.90942601911932,-2.1520158572269
610,1.22668403523538,0.849072477928052,1.26006212659974,1.15616459218837,0.493360595577201
611,1.59699279966639,1.7295032460506,1.40356556234781,1.6495982763797,-0.671749623052299
612,0.821692295816407,-0.658141550026466,0.82925890667136,-0.763498025706519,0.320171525544108
613,0.776758493780716,-0.839199791021404,0.817594444418157,-0.82156254166294,-0.1597082900679
614,0.690555811498107,-0.364466222314183,0.740863575856956,-0.808637128397026,0.724957627716281
615,0.470862773176129,-1.42051471431472,0.569227545277782,-1.94760582750873,0.587819861321962
616,0.722273601950815,-0.641976884283727,0.85323136419834,-0.544764397841139,0.502791223573632
617,0.733830650569165,-0.410087357654429,0.806214937530384,-0.656107140978466,-0.635547269761242
618,1.17366037506808,0.625242943161141,1.19593546008835,0.885527890446501,-0.48041551258763
619,0.882613572759773,-0.350935874939301,0.842999609993253,-0.680823627916503,0.2715994343369
620,1.40753607948746,1.33651803402824,1.32381400225961,1.39301858988063,-0.274133352151358
621,0.710557313617562,-0.968132752604114,0.815790134738482,-0.800381894204357,1.16311761928301
622,1.60263488395212,1.85520794762037,1.24554535048783,1.09732289121794,-1.725615811813
623,0.602363093535438,-0.800584622407256,0.882137638101401,-0.363562774856085,1.39962435744218
624,0.776533134636528,-0.129792175714811,0.906383516928479,-0.17377624097114,0.413122329875406
625,0.755849430917455,-0.371121319774158,0.947850919585696,-0.101800750431043,0.480770012776495
626,1.10192471530584,0.42966440733438,0.92096619934745,-0.284688299609767,0.409107853617073
627,0.890816307724179,-0.153992728466227,1.04993711627146,0.28162709332759,-0.967665768783422
628,0.950605855052185,0.0325892167197799,0.897464925660983,-0.326219268310924,-0.875287023655356
629,0.727053046818193,-0.910909201099793,0.847960965205737,-0.635714392485178,0.647377503435562
630,1.32566712517106,1.07747720086029,1.20754869248306,0.935326383039764,-0.30443414130453
631,1.21368141941611,0.65613585738737,1.38011563843259,1.48945699080075,-0.604277758735154
632,0.698141934226094,-1.21916080480602,0.778538090661668,-1.02803346663976,-0.791215060828215
633,0.479648832109249,-0.465953016110748,0.860318270822104,-0.217616669469987,0.780079388704343
634,1.02716313798451,0.207539730821119,0.991416784580865,0.0523210238835666,-0.938021656579761
635,0.532169550967127,-0.663866273115344,0.630956558003276,-1.20464480792528,1.06418362518822
636,0.91680821479848,-0.216050252061967,0.974261156145387,-0.0443686521984633,1.17793457071756
637,0.685133082901116,-1.26154097416732,0.747283165292492,-1.20026483294554,-0.961834810790294
638,0.815334230789347,-0.590173424237075,0.793296417801557,-0.929060742943098,-0.373302761611447
639,0.657660350440977,-1.2106638450187,0.714257532684541,-1.33595422634325,0.106564050830405
640,0.874954359079582,-0.423494592512979,0.952120258015068,-0.15163877036444,1.5852555226917
641,0.61342577366147,-0.828210432988528,0.753934156284702,-0.936134272972817,1.64203883873178
642,1.09077946120903,0.376943262846535,0.911686390271767,-0.315552478156416,0.124642340835556
643,1.48841454253635,1.74198504059306,1.37866079371311,1.62992658337624,-2.74920577107299
644,0.688817692933314,-0.907800878462952,0.880138291625111,-0.455349936474431,0.244839782952269
645,0.622429061581065,-1.54357395947823,0.683170815377288,-1.5533089135137,0.72495027352747
646,1.03054465924956,0.245783736774268,0.981931893351429,0.0403361698450116,0.697309958353053
647,0.668146468872444,-1.10726919196004,0.766544436361313,-1.04655313199917,0.394339484858065
648,0.736218241892338,-0.605388394905072,0.806719203564363,-0.761280220035958,-0.436947418837099
649,0.878049072296498,-0.408128482220997,0.877607798091902,-0.515433191279875,1.18156335584233
650,0.83773495115403,-0.488119413380851,0.882508061255511,-0.474033389911118,0.967879209776724
651,0.845546697044586,-0.30021349299445,0.907708375328766,-0.31210203484169,-0.0561204051840336
652,1.16586192474632,0.642191388020991,1.17685119470203,0.826956046517259,0.153892076665839
653,0.949916188382222,-0.112804003263371,0.965691566481466,-0.0869367377023698,1.70922362175457
654,0.452383202567111,-2.64263383900459,0.48319822691958,-2.89970639300876,0.264185526292403
655,1.12891111966119,0.476676367015201,1.10939135343437,0.531132576220755,-0.318101829710404
656,1.01676924184941,0.153955795743659,1.05198196680793,0.30400855557614,-0.925842171669732
657,1.0077959174654,0.118171841728285,1.03104370167033,0.213408971796356,-0.167385305804267
658,1.46174193814664,1.23427593814064,1.21729494377043,0.932769808824197,-1.58606800357984
659,0.554941267144499,-1.54045169064975,0.597101802945189,-1.9891610636259,0.612064489649278
660,0.780153133500039,-0.45263975813575,0.962652272514042,-0.0693921054151795,0.589297776521087
661,1.59246792686659,0.948321563765063,1.00891997286037,0.14145175387877,0.961822113356881
662,0.418208994952081,-1.30844297395804,0.631634846331058,-1.43466569271505,1.4959927621597
663,1.04244419365422,0.248928684317644,1.11899329651161,0.599984764185766,-0.048131763154245
664,1.72956028960378,1.87944945838641,1.46999105073334,1.84325071918711,-0.886176239829494
665,1.29510956577758,1.13815168163662,1.15796702685255,0.763344025534399,0.0170803350396408
666,1.0655663060038,0.315813916452092,1.13100091882672,0.633600354437548,-0.0250380468334044
667,1.28620450136244,0.721718158238834,1.29670084765884,1.11544121477488,0.195847338319628
668,0.738508921318439,-0.344960098901,0.758226762785059,-0.814446172376251,-0.571448471654005
669,0.85566793193576,-0.0039672083848781,0.724105993594995,-0.806646306368997,0.657829111316053
670,0.718465558474413,-1.11475301071888,0.797985060158691,-0.926033920491822,1.41958679128062
671,0.840383238137589,-0.559742427893986,0.878918246776971,-0.507458437176168,-0.197625613197257
672,0.884136016797193,-0.0901757564954062,0.95815775955287,-0.0674928386078297,0.104091893111347
673,1.16279991825521,0.602349919833428,1.14642363554894,0.692948528311611,-0.53398865543366
674,1.16583604886051,0.701737782600403,1.08490501319821,0.452820382207584,-0.767326009059871
675,0.905641823115289,-0.065799631641123,0.987964092082167,0.0406255257412562,-1.12715137267729
676,0.426103026283788,-1.18245723582174,0.639718219560321,-1.33791846565349,-0.0628236715108174
677,0.731305353038322,-0.339677890259596,0.647516396006699,-1.26992851421368,-0.617858927944268
678,0.670274268598138,-1.26353989718721,0.734175074601835,-1.25232167298111,-1.43552909975031
679,0.705115470776403,-1.20478366242128,0.754979867152829,-1.16194172310136,-1.02322427358319
680,0.750220288493436,-0.984185439002395,0.818969992703916,-0.817253521086962,1.43966784459986
681,0.926379721068842,-0.117543582513249,1.05269097416748,0.300610995578177,0.105401334674509
682,0.632201760629957,-1.25402457278915,0.710388676495314,-1.34779814843121,1.57201945797209
683,1.02440895766831,0.182038342969371,0.996284502704986,0.0596099212952137,-0.308410643761364
684,0.840599085205392,-0.126518712441219,0.803337261528574,-0.631352531651023,-0.11076270748457
685,2.10038369983915,2.1152402382062,1.17425757989425,0.736684440788717,0.380636051726972
686,0.600827583307817,-0.456189995113339,0.786435826323614,-0.567195431683091,0.627108031278568
687,0.93171738863178,-0.188715259066535,0.852645987803985,-0.642325071662185,0.578657533658636
688,0.870864504277035,-0.440736234105893,0.894214806751855,-0.432845087098132,0.10183892466536
689,0.452696624342889,-2.621629986703,0.479947707543912,-2.92453632860669,1.79689380463782
690,1.02245890109012,0.17249498510245,1.11224299126326,0.568129261844303,1.07901166781904
691,0.671423218374749,-0.926548232498873,0.72019332460083,-1.23553601729884,0.0821266105472978
692,0.870144143207724,-0.437714993089082,0.868429409068283,-0.560991552445482,0.66055248316458
693,0.669424138533783,-1.26067762398406,0.71117640513873,-1.38849969824101,-1.19538301927774
694,0.925961288147116,-0.211441528005597,0.902262996693447,-0.392543980074813,-0.907709041858704
695,1.60061514752176,1.92787877552159,1.29508031052284,1.29892644708634,-0.471186985812499
696,0.298606138242339,-1.11211510001105,0.506299311396919,-1.57932391006333,1.12222434219128
697,1.14427064828425,0.604119782749223,1.09501550486422,0.492518848229676,-0.562097521951828
698,1.7944972305249,2.53825062266592,1.60229871433456,2.41328122054441,0.402347531647632
699,0.766435682926259,-0.194952319642288,1.13881964962399,0.523155026864721,1.28118890135281
700,0.934798708696595,-0.0590944539483714,0.954120453756659,-0.115302248554615,-0.318724591766922
701,0.511780548499989,-0.587096162849988,0.620756650342198,-1.12372670670882,0.579501091200124
702,1.16515345550271,0.629884849779951,1.12240292775265,0.598379962805067,0.749368518456463
703,0.609663710819277,-0.898900856887282,0.705537310995317,-1.19629329379851,-0.850135736119159
704,1.19039981047986,0.788146198346066,1.2592636799841,1.17575110094992,0.926533481449516
705,0.935002615108815,-0.108385116811757,0.884289758068707,-0.455242941491934,0.0382292436718926
706,1.81206448662459,2.0788499234192,1.48598364814967,1.90641419277875,-1.37827961680399
707,0.728573957309957,-1.07910501896016,0.806275041859238,-0.883517120092995,-0.144465753053342
708,0.63567052079503,-1.33936907425367,0.711622005298147,-1.36746447383115,1.39754004981367
709,0.764121351581049,-0.263671211603506,0.787060708827383,-0.675244315422262,-0.08559961564365
710,0.211589276484884,-1.12518077142303,0.39757040038678,-1.79641163081033,0.616450903658119
711,1.07741501117599,0.380161727877259,1.05973444091676,0.342152941982466,0.000698199527541524
712,1.74772184829503,1.8693262919031,1.31804726723041,1.30914916593467,-0.77509816646006
713,0.675635972925516,-0.774619347211532,0.801100228168142,-0.778663097370761,-0.780628201735584
714,1.22520554576915,0.670888766692462,1.08559183634068,0.422491179213596,0.572794035665859
715,0.961650894054096,-0.0517885015020695,0.955965944299209,-0.13044404205999,-0.235163825596551
716,1.35767404862848,0.832704696560475,1.04528328066525,0.255619240147493,-0.176113072722716
717,1.00683909592902,0.113102076646748,1.05610684272184,0.325591862988546,-0.568812738156357
718,0.980242690540133,0.0388319344103795,1.05067775162811,0.295697773123231,0.349513041205447
719,0.614639771964453,-0.863068888595141,0.832083609218304,-0.602199734856706,1.25259506396367
720,0.961227213986881,0.121674410628778,0.880710000458128,-0.317452901012593,-0.326215112542384
721,0.925837722756808,-0.162025653722863,1.00586371292175,0.100604099631856,0.280071085155933
722,0.539841664175759,-1.17332522610274,0.628243467117454,-1.61509382705471,0.344644630752544
723,0.572632178291767,-0.764316212022282,0.793711880499501,-0.677306364923036,-0.412908673606025
724,0.96651910711507,0.158106277669034,0.997051653581391,0.0976529576583822,-0.0356681226743166
725,1.08458968111229,0.339065667829205,1.12095218667848,0.553930683302082,0.53798808838402
726,0.395396211640893,-0.975463275070141,0.649828762571494,-1.09693646007022,0.658330481710554
727,0.625009486369616,-0.909954929541137,0.763759929560921,-0.943273517860507,-0.130947660150769
728,0.898870861134665,-0.0272915502022465,1.06544871825405,0.32126097117918,0.480106148585238
729,1.48776450875394,1.34278373978467,1.39555654361303,1.58385970093753,-0.653464948881263
730,0.858551689088851,-0.389886607671124,0.95904254672182,-0.107950280525703,1.91216385539277
731,0.983537788080215,0.03934455837236,1.03321910529745,0.221843925770793,-1.15390011722558
732,0.856470966369817,-0.311833197172943,0.839287502195706,-0.641911292243795,-0.817294941759525
733,0.837062134332138,-0.500245306361691,0.937809386093553,-0.211394281186333,0.937347299305292
734,0.544776304599673,-1.23404518611543,0.709541508561277,-1.22973281378721,-0.527938318445999
735,1.35010251332749,1.0015811093091,0.976598521052499,-0.0202152258676177,-0.168464092746382
736,1.00974937962831,0.155055136511941,0.988734765774239,0.0353471199725215,-0.160707841410395
737,1.08055355662624,0.383897640792973,1.06112097413303,0.346187110500388,-1.1081549551719
738,1.24168754402052,0.807429496342336,1.17030859731658,0.779248609221638,1.32005633503794
739,1.00001926235492,0.0856412200898773,1.02722001405695,0.196503646318284,-0.0765123213773393
740,0.958704170756542,-0.0493529270081528,0.917430440819884,-0.30820329237944,1.27601865251801
741,0.774105208040645,-0.521231134654314,0.816907239577836,-0.728071321692388,0.927965070219869
742,3.05385804384131,2.60344391100096,1.34484183807658,1.15590829800752,-1.15451071922309
743,1.79367314880166,2.00814270158933,1.26543417294643,1.12938058349705,-0.37261045059444
744,0.583196382229109,-1.57109556898151,0.681464616112981,-1.52483965867985,0.955277205359951
745,1.08544693110098,0.332918357148044,0.919483554595047,-0.210610759320274,-0.173020117893906
746,1.67468533019076,1.88116712058481,1.37745920918453,1.55944411242618,-1.12358416432711
747,0.760567932972228,-0.564660497379532,0.886056828632248,-0.409562633962869,0.172873704526575
748,1.06882901987316,0.299594113615627,1.15297424231816,0.643856149268162,0.235006808258069
749,0.902986996217652,-0.154655984018934,1.00937829519884,0.118640990775614,0.188866889125211
750,1.96115801633138,2.23064053027027,1.31723040534977,1.29788379347911,-0.867938874397957
751,1.17923578773824,0.730604961500386,1.13197437887083,0.652883297293788,-2.78844127589066
752,1.16794704616801,0.486627879136043,1.10621569813567,0.469606081356908,1.04538561196468
753,0.756852700739385,-0.556657119939481,0.862645249112178,-0.509487474286437,0.965750234293527
754,1.55448924198439,1.8980185303692,1.43994142271639,1.84471788147675,-0.14719795197387
755,0.926265534242437,0.0645463942840173,0.790145786763782,-0.648627903954117,-0.861534391214099
756,0.948144426111881,-0.0290540863631925,0.965802429230042,-0.0674206587207491,-0.63338437620192
757,1.09240901235361,0.367703794237748,0.996921196174729,0.0666754414016667,-1.64004401769879
758,1.14975486454717,0.522062526495048,1.27115072048458,1.13810055980938,-0.828879796103198
759,0.170904433534145,-1.10869284379999,0.27894402640307,-2.18347572455033,0.579086872075102
760,0.986942241576822,0.0345908375976614,1.04266966141286,0.266102122071249,-0.00677575770085017
761,1.00372771019125,0.145081782755489,1.08264097164725,0.406030451416211,-0.515313649782624
762,0.528853175599386,-1.98194032379273,0.59258186935951,-2.09403086456098,0.673286825043486
763,1.03776081219327,0.223759696330303,1.03178259091313,0.214498077607807,-0.283822619495691
764,1.15958645071761,0.598455955343231,1.13941330443492,0.666581061881296,1.02328797108969
765,0.853146377243201,-0.51197325853537,0.922070359171347,-0.294453534276687,-1.1127169961119
766,0.472876162101937,-0.847142475335346,0.659865267767397,-1.11462654912202,1.04261763977401
767,1.10706130395653,0.480888735559334,1.09766583864442,0.506737499422134,-0.639347096801865
768,0.99346921195896,0.061734909056926,0.955948608000827,-0.132835473681728,0.216071930777984
769,0.856064861881518,-0.50770710041469,0.847813442795261,-0.666838539785289,0.958862375609203
770,0.583975305675748,-0.948145736463029,0.757857036776518,-0.931207262934734,0.206585305402837
771,1.03949722397225,0.228690671139193,1.2404866204271,1.01249001268243,-0.371456907441787
772,2.42339752099049,2.42706563635956,1.37433615469282,1.37119141199437,-0.521454259650095
773,0.618562162627625,-0.627387928638137,0.755167054253793,-0.825840575374596,-0.25137978071255
774,1.35152494940732,1.26305574955708,1.40001169085115,1.69791656220313,-0.462530733609498
775,1.49737667714457,1.5503628916126,1.42024141903162,1.7358373889129,-0.538618589362492
776,1.10243109406719,0.450543794022074,1.21056465991154,0.969380008789652,-1.36010800783988
777,0.71653232030357,-0.660681263587783,0.846567111610431,-0.575128511365324,1.5525785547022
778,0.609649441685205,-1.46901694551422,0.686738572895196,-1.51094475101301,0.14913964090677
779,0.819211672203623,-0.587934053954158,0.898865196498945,-0.396299705283616,1.18348902432872
780,1.03858621460489,0.232082680357336,0.940338682409896,-0.153368993168052,-0.293741743769944
781,0.664880826037974,-0.911725961125485,0.852587666279685,-0.569053427142411,1.29301483437951
782,0.698202576431531,-1.03262542065936,0.780992792264935,-0.983254152766782,-0.602974913999128
783,0.817585738536351,-0.372700547616173,0.885455812936382,-0.40714220957255,1.14717341066961
784,0.534009538234605,-1.36464972672289,0.666818658893796,-1.48580302157516,1.67017091402091
785,0.99781366250529,0.109330044648804,0.976259937072797,-0.0240456104456202,0.755094783641166
786,0.846280310731044,-0.515782950887563,0.879925709741204,-0.496141767804686,-1.16079763465762
787,0.740566214815592,-0.375361972026916,0.852189104510895,-0.458960029760028,0.227749379910293
788,0.868290318059267,-0.363540320850847,0.926519000743834,-0.261600800438578,-1.0543865257334
789,0.774748462791422,-0.52175192263206,0.867703313958247,-0.493343521488491,-0.112745769248233
790,1.32790689333314,0.810985125553189,1.43929860275617,1.57280495033342,-0.0730591803665848
791,0.937825102376603,-0.154819097843797,0.918386480996067,-0.312537899890695,0.719499408256001
792,0.981243503143977,0.0172802745851334,0.86179539986374,-0.58842697305884,-0.769833302214699
793,1.3692464558729,0.915757317092879,0.822458504173332,-0.662244352197646,0.460053143678186
794,0.956465348432971,-0.0113328543747496,0.883810532279851,-0.435965380770271,0.906238233119709
795,0.58113476580605,-0.846872292399949,0.647298232262975,-1.39421478915512,-1.02789435178262
796,1.18819065533205,0.777153520614275,1.17345012702075,0.827546664845978,-0.334208943398772
797,1.44196786969468,1.58230856604396,1.35958876982809,1.55399788409796,0.276496488068399
798,0.846538825027286,-0.506543183743174,0.940882950737524,-0.201882519793482,0.644223757145663
799,1.21496219859827,0.67456680629865,1.22915303861618,0.976353868552776,-0.111994740139082
800,0.685862610185554,-0.885462245778368,0.810934963874271,-0.78013740764923,-0.164029260816204
801,1.38583961558652,1.02569806059243,1.36543377213967,1.43136685376036,0.902751753295246
802,1.12996325072095,0.559716833476902,1.08168229485144,0.437250576760146,-0.759907825471765
803,0.963906964783537,-0.0535979646244169,1.00890823376176,0.113464843475507,-0.241108822685557
804,0.945597266249994,0.234884282871075,0.981746516709485,0.0983436027738546,0.443828976960238
805,1.14835077027909,0.63877497810234,1.06407025278412,0.361121154783897,1.40191977758684
806,0.752594224449027,-0.412423170404604,0.828963343088737,-0.597619002337684,0.193774380561459
807,0.418194155057936,-1.67543713672024,0.538961668218034,-2.1453211861904,0.31074871542156
808,0.710125423201575,-0.682135729578705,0.953660804407945,-0.10894979534552,1.40189972314974
809,0.558606339541226,-1.4799592403161,0.662532338650838,-1.58718311461992,0.594830726435967
810,0.730294826469668,-1.04471743188024,0.813193107697723,-0.839407237591987,1.47762341893866
811,1.61052358990388,1.53041325617841,1.17690699771922,0.780344318443569,-2.26906995146555
812,1.13607812067934,0.423524080737406,0.957171303302049,-0.0596574716319172,0.273875651898897
813,1.32321962245525,1.00718448926154,1.253238874149,1.09643265071797,0.671410976816651
814,1.16036194241727,0.513860381663692,1.16974467866934,0.733119815367629,0.0692203551593593
815,1.01421384008825,0.152216091137598,1.01410766158029,0.137790695749393,0.620668523084259
816,1.31175583976753,0.932628620536131,1.40583940482026,1.61657671465811,0.133696917995714
817,0.638702084580575,-0.975337101738156,0.754074489310116,-1.03444369596578,-0.11191478201666
818,0.332785648272245,-0.827313177143665,0.420753682404111,-1.74757837869271,0.487424969773387
819,0.929203253369504,-0.0905170659254484,0.907647546183703,-0.327411051670826,0.889661147553779
820,0.976216873223176,0.0139616482632131,1.07460115345217,0.401365787198813,0.346335858257119
821,1.00635207498446,0.185119158782911,1.02165615981906,0.17019167050368,0.160217963557648
822,0.894523230252343,-0.23488928095836,1.0014638287077,0.0829571058156387,-0.291956091149255
823,1.05157298339281,0.273992837183572,1.07033606665656,0.3846962773552,-0.0179910075180934
824,0.314993660499183,-0.794514512139865,0.553775728973281,-1.13610211653932,1.03095269494889
825,1.04796445028338,0.255764690620132,1.08459452669855,0.439210405270092,0.588941966217137
826,1.32230288864736,1.0576135562469,1.33518206350361,1.41197691784592,0.106262261473352
827,0.583412630300549,-0.660191360282653,0.915374827359505,-0.189520403075618,1.09541125430535
828,0.775614612969533,-0.597987472752638,0.849059096680276,-0.605050792228465,-0.612539550106037
829,0.480301748304582,-1.23477831662238,0.660193015960671,-1.37105074136734,1.00606914259087
830,0.697967454040209,-1.14294736884411,0.735993208088079,-1.24431831567142,1.31674555482077
831,0.677060408279412,-0.711512283334995,0.888290568845914,-0.371531276199274,0.172623030979895
832,1.28283222850423,0.755141033245524,0.70779175427003,-1.20551628587188,-0.160655287868874
833,1.0904880380106,0.35992306813795,1.20547900253984,0.882204831909404,-1.03299956540715
834,1.24497228958159,0.566181468289043,0.834826857388263,-0.427457347175732,0.623593849657529
835,0.751369717049042,-0.695873602825378,0.875362851250916,-0.483474719053037,0.245908459971421
836,1.0919920689857,0.434880800999827,1.14391372748113,0.705422519486702,1.14893512570139
837,1.18579441176631,0.578591127941881,1.13293791507055,0.602420548043768,0.239173834862424
838,0.571648634841875,-0.643864713071496,0.856968735981142,-0.38285117956444,0.383745236318353
839,0.737997176171791,-1.03336052402974,0.775656360311065,-1.04811969767207,0.142161998185879
840,0.82477036516818,-0.492873684579068,0.93752381114245,-0.2056090754038,1.26794426868951
841,0.789369337495647,-0.72976876524294,0.856238773614557,-0.613433591522402,0.343544133842639
842,0.739198817094242,-0.845359754296597,0.795508048303573,-0.903161302126257,0.811005774227886
843,1.01199465865121,0.139487370742456,1.08114742206356,0.427382005157902,0.899179663721104
844,0.607834093558748,-0.814566429188787,0.775677370091158,-0.823621750067038,0.890167192994666
845,0.784484118099125,-0.417859784114874,0.911693005914215,-0.279139718993465,1.15300651231789
846,1.15694802460957,0.492202465704259,1.01681835402067,0.150439633763789,-0.330174468410724
847,0.921068770321366,-0.150031420385823,1.01820881823649,0.155385341389803,-0.573425098056935
848,0.750410254352873,-0.808894184407809,0.779666930831874,-0.988149884700295,-0.933257359184277
849,0.883892609930477,-0.210431799641814,0.95517606182542,-0.111538707081233,-0.524398625437758
850,0.733041039347898,-1.07051968794534,0.779572685536656,-1.02806433262335,-0.358859503166651
851,0.654917322587025,-0.926622887299675,0.717385979988363,-1.22465169433989,1.1314616587233
852,0.862669861858492,-0.446633715767711,0.942544112642801,-0.192969199858938,1.25822890720541
853,0.570111631885328,-0.9146486191934,0.721342287543256,-1.06344598383191,0.965111981169133
854,1.31094466869914,0.771455380051444,1.16418526711551,0.680983499872048,-0.36836420374599
855,0.737897519477722,-0.297687398797208,0.972670895283354,0.0102475933406951,0.701936682075125
856,0.838166611771166,-0.546720661559689,0.877021382290823,-0.509921352758097,0.0204476988845976
857,0.61024899724629,-1.2135326021681,0.734644241643538,-1.1777787963362,0.589197303704804
858,0.910799704530097,-0.0955981628647672,0.720935150964018,-1.17060896896236,1.49219750411965
859,1.24865105521137,0.946109224702354,1.28460302584176,1.26020355874812,-0.338111196085803
860,0.765456129942228,-0.899914999272921,0.788300152275302,-0.975503372679519,-0.316771165037722
861,0.839514968938409,-0.564391049492516,0.89197887595639,-0.442542338365035,0.295323618629953
862,1.63421877784187,1.25793734594295,1.36332570059669,1.29359190197532,0.250559475153233
863,0.690720187009046,-0.7938139274853,0.832707422646442,-0.654272544113018,1.21528362678922
864,0.924860513968972,-0.195544452916781,0.903452303306535,-0.382564139338389,-0.168417546173533
865,0.68300167029126,-0.999607587239122,0.684205063645127,-1.47926195849169,1.02390842267336
866,1.72917717692757,2.41886983206586,1.54317236587014,2.22046179451639,-1.29096490484889
867,0.795343315062947,-0.533035042414553,0.824133170985428,-0.726478388551169,-1.68912459896764
868,1.11643127930893,0.437946123557936,1.02929843282217,0.201868256883246,0.43989434942095
869,0.647690078199055,-0.592035194282219,0.753241753526478,-0.858654484477715,0.377693661636452
870,0.711821771565021,-1.14634548140035,0.773407210351101,-1.05859217571607,0.412034311814564
871,1.15808968758237,0.482428213420988,0.968619490258795,-0.0338266774452577,1.22752023787247
872,0.893328335462933,-0.342722181981558,0.894753875670483,-0.428264306783473,-0.985588291438323
873,1.0413182477827,0.234095199040019,1.08902146097632,0.43718782855726,0.123533572447852
874,0.554143262052099,-1.57361596537025,0.639979339778897,-1.73036514828349,1.84498106691794
875,0.881015934230291,0.173020643672169,0.713511625246118,-0.581915463990556,0.090543615256126
876,1.16429039027587,0.639049569376656,1.17035250205947,0.801290388254243,1.20726510590141
877,0.845432134814841,-0.335870012744134,1.00661452277845,0.106970101897117,0.382552693326549
878,0.758858958748938,-0.885120929823347,0.794522652415605,-0.931621040721935,-0.0637573903859393
879,2.09386090887333,2.82761375297164,1.6458663467371,2.4744903863906,-1.92017249215535
880,0.703098362193722,-0.980211538138309,0.692147451618989,-1.44842889707131,0.593099884337723
881,0.909730329700375,-0.172865403705194,1.09917233066418,0.49366637567941,0.490096414407217
882,0.749408782763641,-0.979357385750702,0.814070168000649,-0.842136166260613,0.972465590925671
883,0.957188685260637,-0.0595317770247057,1.03154403599439,0.214850824852001,0.952911553903897
884,0.621756081286328,-1.48491723033736,0.681445471294669,-1.54901769750886,1.2523819817423
885,1.31694622741624,0.96399889677002,1.39443752916652,1.58387672977974,-0.406929323174767
886,1.20823180263044,0.74281204791843,0.966875227308517,-0.073558136380251,-0.823561406394268
887,0.156367787380475,-1.26751454646023,0.280795709360855,-2.31154253561233,1.04242967795965
888,0.945769989048611,-0.0790532389403514,0.833314985946263,-0.709312326601927,-0.621058986404422
889,1.13752034482606,0.588971530452087,0.974289758567131,-0.0455733211577964,1.48431113972974
890,1.33101006383652,1.16313548891326,1.38773077079813,1.64117836117868,-1.31947963167116
891,1.62570159071245,1.86481564505075,1.25628228370466,1.12581711848333,-0.437277057768218
892,0.548468135500312,-0.933779060376579,0.773185981724662,-0.808845411545388,0.153084582984406
893,1.0321867000284,0.207472037795921,1.04880921781303,0.291713916036263,-0.77520493663464
894,0.916579777037102,-0.2269840266,0.981112623192541,-0.0136284045762947,1.17292507076047
895,0.811191989207739,-0.674127426928638,0.805911446001481,-0.880748215470835,0.803367593826716
896,0.889646119472856,-0.257858984307483,0.965020060718981,-0.0796541868726812,0.34647880603186
897,0.97112478643095,-0.0289220815314636,1.00018352600467,0.0732826006365528,0.862106202686736
898,1.08046631332167,0.368756056316665,1.13748125835908,0.666759502773717,-0.242391109937849
899,1.82747454240637,2.29186986815086,1.66941937506549,2.55439970223571,-0.504461884239452
900,0.755863603757568,-0.568701809412649,0.921263933106197,-0.251934161300624,1.07428231610695
901,0.847217722521653,-0.52199596637972,0.843385829582925,-0.682433043301062,0.571470257354661
902,1.01785938038358,0.19529843399188,0.98414784655887,0.0294773740422993,0.971480899069235
903,1.01424973178504,0.149332591434281,1.08314470127721,0.432621301855462,0.966649056939045
904,1.07052353455982,0.306778050777107,1.13049351214382,0.593599976301874,-0.945186161698461
905,0.711471049813059,-0.555714012476953,0.906272794143024,-0.282263195516931,-0.2647481682113
906,0.752328301037991,-0.70970362223817,0.852941230632034,-0.594305733433537,-0.354038895864064
907,1.07976671388879,0.32377946207494,1.21296129292948,0.863990212009942,0.622293310970434
908,2.12129163526605,1.8954398023507,1.59530582763303,1.93968001740459,0.840937061337814
909,0.823500881684174,-0.568205968983083,0.844297771368496,-0.664352969296841,-0.222411055822383
910,1.00578437788178,0.108145368721735,1.04435708904977,0.273643255677485,0.825998654687636
911,0.673862019812935,-1.3084355302163,0.738027273306903,-1.25058288654582,1.41933919058149
912,0.886434862512011,-0.152154760384278,1.11934014893393,0.543595370389218,0.1943296107307
913,1.27376732006632,0.640301978640851,1.1220871750291,0.499469991575879,-0.397495417435113
914,0.935355341558705,-0.131184113516466,0.899622568226493,-0.392753159014539,1.06263116850326
915,0.747083620801178,-0.595547233510209,0.928640669716486,-0.219832982764127,1.09582816020885
916,1.39423202230713,0.922426196492778,1.27526261620503,1.05294625792825,0.757000906169003
917,0.786204364479241,-0.650974269660207,0.902658202618769,-0.370634499267494,0.613688675070195
918,1.27513416992753,0.749449262981161,1.28885167157846,1.13960154468175,-0.0863978181844383
919,1.16923152971884,0.590235309353128,1.0641360407404,0.348281861456727,-1.15671422050148
920,1.00084891000455,0.0888530834282891,1.03739411337726,0.242282270404665,1.09604603391424
921,1.03447034235409,0.213401163393914,1.03001199222928,0.206952188704981,-1.17498147354689
922,1.25338265101118,0.964359907669108,1.09506412155221,0.494308944791616,0.21933916007015
923,0.726880412590567,-1.05989970316575,0.775095641848048,-1.04209653645139,0.0993097508487793
924,0.47679306614784,-2.38098655047565,0.515324044932652,-2.63744533644767,-0.783871432006434
925,0.599513867011406,-0.557485166592004,0.720807921565305,-0.882753658697942,0.422622705514915
926,1.27142041734693,1.04726977676698,1.07705930581211,0.417868857656819,-0.949052316083878
927,0.54042749916602,-1.61764907332074,0.648189925756878,-1.67687988828376,1.81198986620267
928,1.08477975097473,0.405722389049382,0.912807343544982,-0.340943711014652,1.7825660399311
929,0.478203145918547,-0.776720139891691,0.693932142537406,-0.936444013301522,0.738866864273512
930,0.79501231186341,-0.544497933293885,0.897368633464158,-0.381239512301362,-0.45102757397578
931,0.947381883828431,-0.105341229533791,0.982618298055622,-0.00559379332668013,0.337145142158009
932,0.723388975185758,-0.359914158730919,0.856222500187665,-0.41464051695246,0.59319114287143
933,1.29383422086363,0.839625073480595,1.15909504993368,0.707648562290753,-0.459900545073579
934,1.13665965860015,0.597798019796016,1.2105470269207,0.980863479533411,-0.296542563095613
935,0.649565055895024,-0.809362132623594,0.670870808957612,-1.39906755568337,0.219380792576692
936,1.19895743721851,0.794615283259145,1.03915051304947,0.249362764348423,-2.02478206397791
937,0.614570261452864,-1.39327490855816,0.674182907881988,-1.55918920520104,0.0296683509242764
938,0.696202263310766,-1.04939977102622,0.730877204916598,-1.25495751435147,0.353131419860645
939,0.989253146643382,0.044190049555199,1.00761789001202,0.107505678635526,0.242649351288413
940,0.724328893785688,-1.0461990049038,0.747720445678644,-1.19228667584218,0.610063788727855
941,0.475289972579257,-0.490423847070518,0.705365767494819,-0.673127352884869,0.552152157178448
942,0.56058976535525,-1.40139120831008,0.65292015534465,-1.61800672635889,0.787885121062104
943,1.65551691830511,1.59475589844741,0.926203488147622,-0.23461886457085,-0.278263214905344
944,0.707180065734348,-0.580966829826224,0.768448805118146,-0.883106666079386,-1.18940294825791
945,0.964243965928931,0.00370442622686287,1.06313936407964,0.343365966300194,1.38005395371643
946,0.956833530716234,-0.0764154166060858,0.999501479092124,0.0708624977365528,-2.05738259204069
947,1.0610189854084,0.301658582860846,1.1211525981116,0.596604082031222,-1.3211876927342
948,0.38900466819521,-1.63288449637929,0.527538775592214,-2.11368307851902,1.1941708900624
949,0.403836602079109,-1.2260709885936,0.627253361694907,-1.3780128838334,0.781386524281784
950,0.60408345575325,-1.69488449099572,0.644211712734749,-1.80648691144127,-0.0852978630352823
951,1.27280503110635,1.00488881746816,1.40804713944083,1.72134753943366,-0.11312656085152
952,1.00467407838795,0.120305380164878,0.973072192272995,-0.0422659705140727,-0.0935309626495194
953,1.03533063925147,0.220053277834848,1.04865160766516,0.291399581313377,0.139456243695835
954,1.16636981939059,0.62334609931034,1.17559146758118,0.810007532079102,-1.96976515125446
955,0.523611466192369,-1.23297018440678,0.592878917312307,-1.80983131258158,-0.256787891026159
956,0.634000546968791,-0.706102919855745,0.737736875578577,-0.975746585142638,0.88355668215728
957,1.04601893334001,0.245874975986042,0.990741562145627,0.0405868894602777,0.629639857748055
958,0.751355036977978,-0.980026128684712,0.833510955851957,-0.740150711570214,0.886829276772479
959,0.461846712059956,-0.79663278240948,0.799846206255924,-0.535095709152237,0.677716258461759
960,0.97842701679691,0.00217529879503368,0.999396208484523,0.0697013071404244,1.19812334842602
961,1.06776803486551,0.324532533563198,1.08206482194233,0.431090196781274,0.0379149322048513
962,1.28835725660815,1.02147147039195,1.25599416862846,1.14185093381684,-1.11323990118321
963,0.752312017519944,-0.92933417111136,0.795776074921893,-0.933376902697681,1.05469754842294
964,1.01322185908296,0.163982193962599,0.850109931000834,-0.564159580963001,-1.98729194255343
965,1.04431119911492,0.250181815894749,1.02144649908811,0.169982964190473,0.212870052877148
966,1.34439863303017,1.22181938277093,1.34309115868536,1.4823793198734,0.202932675127149
967,0.512118077171469,-1.85086217915121,0.584321542501934,-2.08936857768023,1.64320282651619
968,0.826753556273567,-0.61540450494426,0.844435699405944,-0.681745969022406,1.70425595546961
969,0.586998284699167,-1.81627349877975,0.598280616905911,-2.10114939322242,-1.77663017776674
970,1.15904230374793,0.591587817821471,1.13139477649148,0.632157077540356,0.380911219993843
971,1.16427465156068,0.493282619861835,1.150204449909,0.636411042018877,0.252359107173621
972,1.11159000699443,0.49462804964462,1.14994816254653,0.725265793494171,0.749100800527701
973,0.68734104682024,-0.636001977527371,0.931033784409698,-0.184680522224545,0.880585298763066
974,1.25201916499335,0.705535770164073,1.14510191288931,0.638161490032531,1.23347269718952
975,0.92805741964824,-0.164521780335507,0.985824943666863,0.0104169929106793,1.8373164583508
976,0.553646807063886,-1.24098923103008,0.652819926687682,-1.54175329775228,-0.501783462054123
977,0.961497473240971,-0.0656989722001314,1.06352231156946,0.358781800209323,-1.47615594362494
978,1.11985584438048,0.536927778269194,1.03158709745348,0.216311069576378,0.554828753412911
979,0.595741045890153,-0.888067912828277,0.861135843196285,-0.467815854031449,0.928887949456244
980,0.87078327985383,-0.439989946430239,0.85827740458255,-0.61175709014773,1.23454083710298
981,0.744131809209964,-0.958848944745991,0.821627605788033,-0.791283376197286,1.64441115710353
982,0.539775187010384,-1.18422355051701,0.729267619691977,-1.10244948525788,1.18054440550061
983,1.43350881539946,1.08246550036141,1.29422901254447,1.16853675618917,-1.50070993891549
984,1.06016513276015,0.31540014878286,1.02402725715276,0.182145707856425,1.21630646791267
985,1.29478999951678,0.644253845888343,1.27812643732219,0.921224319371086,0.347272109002248
986,0.682520887898708,-0.464540776551195,0.836724167989348,-0.495066700172433,0.338821451220135
987,1.09255408096477,0.349948702010041,1.04183542222536,0.245438346829868,-0.395390471345414
988,1.36677739551884,1.02806494398893,1.27623932970452,1.1469897785463,0.525462769959722
989,0.500329805363969,-2.27844819491433,0.553114005136002,-2.38554933976453,0.360340189646552
990,0.817368432857271,-0.298715182206252,0.955689695593089,-0.0890263209176637,0.0586032769930589
991,0.846521311508299,-0.547810666815863,0.751721403218416,-1.1812675260668,-0.441016330821987
992,0.976047909589512,-0.00233733153721935,1.08415127043631,0.447725367506391,1.40899341921087
993,3.59203293864924,2.01914769576205,0.904371518889836,-0.0751330730597294,0.4223195714052
994,0.986516316416065,0.0355391808031153,0.925186957724636,-0.278123563253663,-0.92613653761291
995,0.413792472206367,-1.31324047765425,0.552330563699263,-1.83089166746943,0.0910005476541871
996,0.535167135045595,-2.10314296361233,0.58957377726421,-2.15102969285033,0.372435239791328
997,0.726379223703653,-0.673093724050621,0.900112020527877,-0.34686588841404,1.02930436883153
998,0.396249357618641,-0.983523339940049,0.672585786804063,-1.01355125704187,1.21587727969569
999,0.545573105666054,-1.3803993498538,0.670665587129676,-1.48860255986407,1.08611331881846
1000,0.41707490244244,-0.671290806830206,0.630047979524484,-0.972377267962027,0.854524892940586
