"item","parametro","verdadeiro","estimativa","erro_padrao","ic95_inferior","ic95_superior"
1,"a",0.8,0.884262847015322,0.0968233812630322,0.694492506878389,1.07403318715226
2,"a",0.83,0.964897903797892,0.102646218838214,0.763715011725775,1.16608079587001
3,"a",0.86,0.826452243467603,0.0927724505746568,0.644621581583754,1.00828290535145
4,"a",0.89,0.89725580089582,0.0911998095360704,0.71850745880821,1.07600414298343
5,"a",0.92,1.02316454632606,0.0955432573419972,0.835903202970108,1.21042588968202
6,"a",0.95,0.843577470094242,0.0839806740211331,0.678978373615423,1.00817656657306
7,"a",0.98,1.07347938547239,0.0909381582180033,0.895243870544699,1.25171490040008
8,"a",1.01,1.02061356744005,0.0872427478717973,0.84962092369902,1.19160621118108
9,"a",1.04,1.01886225160151,0.0848719248926087,0.852516335513406,1.18520816768961
10,"a",1.07,1.17451837804688,0.0883981029101366,1.00126128004135,1.34777547605242
11,"a",1.1,1.08944230378787,0.0856589484800742,0.921553849813354,1.25733075776239
12,"a",1.13,1.22421818238173,0.0889882205673814,1.04980447502135,1.3986318897421
13,"a",1.16,1.02378347422384,0.0807118604783236,0.865591134561105,1.18197581388658
14,"a",1.19,1.30228013666148,0.0904653438219756,1.12497132092138,1.47958895240159
15,"a",1.22,1.14912949579893,0.0838370868285955,0.984811825046123,1.31344716655173
16,"a",0.8,0.780385312598587,0.0729190356251213,0.637466628985957,0.923303996211218
17,"a",0.83,0.870132103909611,0.0765624295549364,0.720072499413051,1.02019170840617
18,"a",0.86,0.796117709627159,0.0750960746608296,0.648932107911602,0.943303311342716
19,"a",0.89,0.938627352014822,0.0795539192833716,0.782704535390407,1.09455016863924
20,"a",0.92,0.805586899849944,0.0776456947846223,0.653404134517495,0.957769665182393
21,"a",0.95,0.993848501382143,0.0852428977981242,0.826775491759991,1.1609215110043
22,"a",0.98,1.00482543373357,0.12476077685286,0.760298804418728,1.24935206304842
23,"a",1.01,0.967386844422865,0.0855935903232091,0.799626490081899,1.13514719876383
24,"a",1.04,1.00228050282618,0.0879894092691319,0.829824429637723,1.17473657601463
25,"a",1.07,1.07863951625493,0.0830129776169468,0.915937069876287,1.24134196263358
26,"a",1.1,0.899912446833044,0.0981307034124093,0.70757980236714,1.09224509129895
27,"a",1.13,1.08415221380401,0.0855088004782923,0.916558044505336,1.25174638310268
28,"a",1.16,1.06136977924067,0.0825206942025735,0.89963219062438,1.22310736785695
29,"a",1.19,1.0645332817526,0.0854403360434111,0.897073300280512,1.23199326322468
30,"a",1.22,1.17450973853826,0.0844800206243473,1.00893194070133,1.34008753637518
1,"b1",-4,-3.83711249811457,0.391043424360953,-4.60354352625325,-3.07068146997589
2,"b1",-3.5,-3.29287530195354,0.316808342593408,-3.91380824343845,-2.67194236046863
3,"b1",-3,-2.90065535442515,0.297775640845418,-3.4842848859555,-2.31702582289479
4,"b1",-2.7,-2.63070411398525,0.244852684331438,-3.11060655679282,-2.15080167117767
5,"b1",-2.55,-2.47233525277128,0.207778223390339,-2.87957308738806,-2.06509741815449
6,"b1",-2.45,-2.65146428129004,0.247650183749218,-3.13684972220323,-2.16607884037685
7,"b1",-2.25,-2.06975631680373,0.161476253808038,-2.38624395862594,-1.75326867498153
8,"b1",-2,-2.07931241948843,0.167081895103206,-2.40678691635941,-1.75183792261745
9,"b1",-1.9,-1.82606258779497,0.147385434041299,-2.11493273036172,-1.53719244522822
10,"b1",-1.65,-1.5353184495559,0.115205623809598,-1.76111732303918,-1.30951957607261
11,"b1",-1.35,-1.44793450110631,0.117900427127466,-1.67901509203804,-1.21685391017459
12,"b1",-1.1,-0.869364202319855,0.0830749739855785,-1.03218815934819,-0.706540245291519
13,"b1",-0.8,-0.781046941011732,0.0910632533005902,-0.959527637795937,-0.602566244227527
14,"b1",-0.7,-0.770395561636142,0.0768345153605647,-0.920988444512439,-0.619802678759846
15,"b1",-0.55,-0.539543987161318,0.0769858038718792,-0.690433390071065,-0.38865458425157
16,"b1",-0.4,-0.51385857435185,0.101322650452696,-0.712447320057275,-0.315269828646425
17,"b1",-0.0999999999999998,-0.0473888229959476,0.0848073163760644,-0.213608108718528,0.118830462726632
18,"b1",0.1,0.113730474736411,0.0904852398933869,-0.063617336587094,0.291078286059916
19,"b1",0.2,0.150678878952027,0.0801230605632047,-0.00635943408297623,0.307717191987029
20,"b1",0.35,0.48647245057648,0.0964274668682443,0.297478088394292,0.675466812758668
21,"b1",0.55,0.521564004567711,0.0829134378985429,0.359056652452169,0.684071356683254
22,"b1",-4,-3.54475347308122,0.380605455193031,-4.29072645757904,-2.79878048858341
23,"b1",0.8,0.716387393976426,0.0910953151154036,0.537843857189908,0.894930930762944
24,"b1",-1.8,-1.94555046865473,0.162319552282094,-2.2636909451143,-1.62740999219516
25,"b1",-0.7,-0.756283994940963,0.0873759890397251,-0.927537786572391,-0.585030203309535
26,"b1",-2.65,-3.00498614177217,0.293179687366745,-3.5796077700097,-2.43036451353464
27,"b1",0.3,0.2491433398255,0.0731067931099812,0.105856658304716,0.392430021346284
28,"b1",-1.35,-1.34383380091348,0.113160164078376,-1.56562364699174,-1.12204395483522
29,"b1",-1.85,-2.05524521361715,0.156804834131357,-2.36257704111638,-1.74791338611791
30,"b1",-1.25,-1.26533406724968,0.100446290190555,-1.46220517840383,-1.06846295609554
1,"b2",-3,-2.9125255812266,0.28567987777703,-3.47244785277738,-2.35260330967581
2,"b2",-3,-2.86268690817261,0.270762790839599,-3.39337222657178,-2.33200158977345
3,"b2",-2.6,-2.49810251953729,0.2552488735511,-2.99838111879187,-1.99782392028272
4,"b2",-2.3,-2.28024401236777,0.212242891727326,-2.69623243612796,-1.86425558860757
5,"b2",-2.15,-2.06309980782201,0.173969607062386,-2.40407397206888,-1.72212564357515
6,"b2",-2.05,-2.24955382951219,0.210686205097422,-2.66249120354256,-1.83661645548182
7,"b2",-1.85,-1.64980747288989,0.132491339909185,-1.90948572737535,-1.39012921840444
8,"b2",-1.6,-1.64087029921506,0.135998903125054,-1.90742325127712,-1.374317347153
9,"b2",-1.5,-1.41176068627617,0.120938565888926,-1.64879591976039,-1.17472545279195
10,"b2",-1.25,-1.06303023911342,0.0913674601806093,-1.24210717042631,-0.883953307800531
11,"b2",-0.95,-1.06841681129532,0.0975005341550699,-1.25951434671268,-0.87731927587797
12,"b2",-0.7,-0.460456580843192,0.0708684561818203,-0.599356202599515,-0.32155695908687
13,"b2",-0.4,-0.297999886863148,0.0769517113629935,-0.448822469683337,-0.147177304042959
14,"b2",-0.3,-0.325426477978224,0.0661343281478732,-0.455047379289809,-0.195805576666639
15,"b2",-0.15,-0.109794210953813,0.0694912575224242,-0.245994572938162,0.0264061510305369
16,"b2",0,-0.0843959746102655,0.0917692167565944,-0.26426033434264,0.0954683851221092
17,"b2",0.3,0.34691994376815,0.0873232936197246,0.175769433262074,0.518070454274227
18,"b2",0.5,0.549771611682165,0.0998098410956361,0.354147917832052,0.745395305532277
19,"b2",0.6,0.528347266872408,0.0870475640174419,0.357737176456277,0.698957357288539
20,"b2",0.75,0.909172054185039,0.115196401912323,0.683391255288284,1.13495285308179
21,"b2",0.95,0.873272515817409,0.0957320565389397,0.685641132835135,1.06090389879968
22,"b2",-3,-2.8037595439218,0.287180751466217,-3.36662347384873,-2.24089561399487
23,"b2",1.2,1.13585400019124,0.111156987891425,0.917990307294094,1.35371769308839
24,"b2",-1.4,-1.60479323456177,0.138340612610387,-1.87593585287733,-1.3336506162462
25,"b2",-0.3,-0.445282928029808,0.0776677812620361,-0.597508982062533,-0.293056873997082
26,"b2",-2.25,-2.64406338475063,0.254962740138875,-3.14378117282247,-2.14434559667879
27,"b2",0.7,0.730490411045932,0.083982423825198,0.565887885014166,0.895092937077699
28,"b2",-0.95,-0.908929066096472,0.0922111789691926,-1.08965965584807,-0.728198476344877
29,"b2",-1.45,-1.61682862624123,0.127843449782365,-1.86739718347402,-1.36626006900845
30,"b2",-0.85,-0.845592304850728,0.0829021485456326,-1.00807753024116,-0.683107079460299
1,"b3",-2.8,-2.72580733174913,0.266111323176283,-3.24737594105295,-2.20423872244532
2,"b3",-2.3,-2.18735602184693,0.203976282832785,-2.58714218989954,-1.78756985379431
3,"b3",-1.9,-1.92384459200846,0.19864328604834,-2.3131782784339,-1.53451090558303
4,"b3",-1.6,-1.51768467434309,0.147897136701905,-1.80755773569542,-1.22781161299076
5,"b3",-1.45,-1.40709569790133,0.125878112422431,-1.65381226469118,-1.16037913111149
6,"b3",-1.35,-1.48343259556957,0.148107017349929,-1.77371701543308,-1.19314817570606
7,"b3",-1.15,-1.11858814705946,0.101589255131648,-1.31769942833374,-0.919476865785181
8,"b3",-0.9,-0.948385636575013,0.0963345705028341,-1.1371979252267,-0.759573347923323
9,"b3",-0.8,-0.789284072626267,0.0898765117542564,-0.9654387987207,-0.613129346531833
10,"b3",-0.55,-0.419857583131598,0.0712262848547572,-0.559458536199512,-0.280256630063683
11,"b3",-0.25,-0.396501386116821,0.0745963479860736,-0.542707541547743,-0.2502952306859
12,"b3",0,0.174804534069038,0.0676730621605927,0.0421677695107363,0.30744129862734
13,"b3",0.3,0.444207245614372,0.0812568791326348,0.284946689018283,0.60346780221046
14,"b3",0.4,0.410866361911548,0.0682141340588425,0.27716911591963,0.544563607903467
15,"b3",0.55,0.613456175413019,0.0781568636714686,0.460271537472334,0.766640813353704
16,"b3",0.7,0.674390378291204,0.108111514105857,0.462495704329631,0.886285052252777
17,"b3",1,1.05525280508095,0.115561757328466,0.828755922727001,1.2817496874349
18,"b3",1.2,1.30199726620313,0.140111477841054,1.02738381581399,1.57661071659228
19,"b3",1.3,1.1965016799164,0.11636848985259,0.968423630870006,1.42457972896279
20,"b3",1.45,1.68511603680733,0.167581467984524,1.35666239508131,2.01356967853335
21,"b3",1.65,1.51125348914748,0.130850279265095,1.25479165442089,1.76771532387408
22,"b3",-2.8,-2.59309867187006,0.262541005185257,-3.10766958649811,-2.07852775724201
23,"b3",1.9,1.88225063444035,0.159585173261209,1.56946944238179,2.1950318264989
24,"b3",-0.7,-0.864404598899192,0.095421684319395,-1.05142766350936,-0.677381534289027
25,"b3",0.4,0.371825302226107,0.0763077982839171,0.222264765850082,0.521385838602132
26,"b3",-1.55,-1.85198378765781,0.179039768566592,-2.20289528584872,-1.5010722894669
27,"b3",1.4,1.43198377109064,0.116200714978834,1.20423455475433,1.65973298742696
28,"b3",-0.25,-0.227497868334851,0.0738698470633323,-0.372280108122464,-0.0827156285472374
29,"b3",-0.75,-0.829493503583797,0.0880236553790116,-1.00201669791422,-0.656970309253369
30,"b3",-0.15,-0.0629753261042061,0.0681134375718531,-0.196475210608256,0.0705245583998434
1,"b4",-2,-1.71953041197663,0.170338870625789,-2.0533884635704,-1.38567236038285
2,"b4",-1.8,-1.68288973668314,0.158779605725135,-1.99409204538387,-1.3716874279824
3,"b4",-1.6,-1.68993511320057,0.177062642455504,-2.03697151542085,-1.34289871098029
4,"b4",-1.4,-1.34750321934539,0.135120184683109,-1.61233391490868,-1.08267252378209
5,"b4",-1.2,-1.15679855225616,0.109855486892802,-1.37211135007016,-0.941485754442157
6,"b4",-1,-1.06783888165155,0.119786243456627,-1.30261560466988,-0.833062158633213
7,"b4",-0.8,-0.769350870077453,0.0857984132043234,-0.937512669888612,-0.601189070266293
8,"b4",-0.6,-0.646244909344506,0.0843079400749997,-0.811485435502266,-0.481004383186745
9,"b4",-0.4,-0.444275807482352,0.079190505670128,-0.599486346513317,-0.289065268451386
10,"b4",-0.2,-0.125939852428273,0.0685296963493795,-0.260255589144523,0.00837588428797681
11,"b4",0,-0.111781669870855,0.0719486043767492,-0.252798343187204,0.0292350034454944
12,"b4",0.2,0.328256639741662,0.0700317392217915,0.19099695309225,0.465516326391074
13,"b4",0.4,0.550713932035245,0.0843857800666612,0.385320842297271,0.716107021773219
14,"b4",0.6,0.584576303044558,0.0724004774719593,0.442673974736014,0.726478631353102
15,"b4",0.8,0.904663674584659,0.088236538601624,0.731723236804998,1.07760411236432
16,"b4",1,0.980497512607943,0.12400896927772,0.737444399063677,1.22355062615221
17,"b4",1.2,1.24181537315611,0.126517351826867,0.993845920156069,1.48978482615615
18,"b4",1.4,1.46385376220541,0.151309874638278,1.16729185740911,1.7604156670017
19,"b4",1.6,1.50228970082358,0.134686296696046,1.23830941008825,1.76626999155891
20,"b4",1.8,2.05888666453928,0.197512559058337,1.6717691622906,2.44600416678797
21,"b4",2,1.82803393187055,0.152213474393048,1.52970100409846,2.12636685964263
22,"b4",-2.5,-2.40831232854777,0.241609441353352,-2.88185813192518,-1.93476652517035
23,"b4",2.5,2.44470517995627,0.203142067341027,2.04655404422284,2.84285631568969
24,"b4",-0.5,-0.684724572057806,0.0877970395594499,-0.856803607543566,-0.512645536572046
25,"b4",0.5,0.479886038052952,0.0789670322411766,0.325113498894232,0.634658577211671
26,"b4",-1.5,-1.78817998470727,0.173428435181561,-2.12809347155827,-1.44826649785627
27,"b4",1.5,1.53485745077095,0.12217348770608,1.29540181500139,1.77431308654052
28,"b4",0,0.0796832537663237,0.0736629645143429,-0.0646935036762403,0.224060011208888
29,"b4",-0.3,-0.342889420336822,0.0748401209353561,-0.489573361968742,-0.196205478704902
30,"b4",0.3,0.379496221918148,0.0728560239213595,0.236701038975495,0.522291404860801
