"individuo","Item_1","Item_2","Item_3","Item_4","Item_5","Item_6","Item_7","Item_8","Item_9","Item_10","Item_11","Item_12","Item_13","Item_14","Item_15","Item_16","Item_17","Item_18","Item_19","Item_20","Item_21","Item_22","Item_23","Item_24","Item_25","Item_26","Item_27","Item_28","Item_29","Item_30"
1,4,4,4,4,4,4,4,4,2,4,3,1,4,4,4,0,0,4,0,0,0,4,1,4,4,4,0,4,4,4
2,4,4,4,4,4,4,4,4,4,3,4,4,1,4,0,4,4,1,0,2,0,4,0,4,4,4,4,2,4,4
3,4,4,4,4,1,4,4,3,4,1,0,0,0,0,0,1,0,0,0,0,0,4,2,0,1,4,0,2,4,1
4,4,4,1,4,4,4,4,4,4,4,4,4,4,2,4,0,0,4,0,0,4,4,3,4,0,4,2,4,4,4
5,3,4,4,4,4,4,4,4,4,0,4,4,3,4,3,4,2,0,0,1,2,4,2,2,1,4,0,0,4,2
6,4,2,4,4,4,4,4,4,4,4,4,4,0,4,4,4,2,0,4,0,0,4,3,4,0,4,4,2,4,4
7,4,4,4,4,4,4,3,4,1,4,4,4,3,4,2,1,0,4,4,2,2,4,0,4,4,4,2,4,4,4
8,4,4,2,2,4,4,4,4,4,4,4,4,0,1,4,4,4,4,0,0,1,4,4,2,4,4,4,1,4,4
9,4,4,4,0,0,4,4,2,2,4,1,4,0,1,2,2,0,0,0,0,0,3,0,4,2,4,0,3,4,0
10,4,4,0,4,2,2,2,0,0,1,0,0,2,0,0,4,0,0,0,0,0,0,0,2,0,4,2,0,2,2
11,3,1,2,2,4,2,1,4,0,0,0,3,3,0,2,3,4,0,4,4,0,0,1,0,3,4,0,0,4,0
12,4,4,4,2,4,4,3,4,4,4,1,4,4,3,2,0,2,0,0,0,0,4,2,4,1,4,2,2,4,4
13,1,4,3,0,4,3,4,2,4,4,4,4,0,0,0,3,4,2,0,1,0,4,1,0,4,4,2,4,3,2
14,4,2,4,4,3,4,4,4,4,2,4,2,0,4,4,4,0,4,0,1,0,4,0,0,2,1,2,4,4,2
15,4,4,0,4,4,0,4,0,4,3,1,0,0,4,0,0,0,0,0,1,0,4,0,4,2,4,0,4,0,2
16,4,4,4,4,4,4,4,4,4,4,4,4,4,4,4,1,0,0,4,4,2,4,1,3,2,4,2,4,4,4
17,4,4,4,4,4,3,4,4,4,0,4,2,4,4,4,4,0,0,0,4,0,4,2,4,0,4,1,4,4,4
18,4,4,4,4,0,4,4,4,0,4,4,4,4,4,1,0,4,4,0,0,0,4,2,3,4,4,0,4,4,1
19,4,4,4,4,4,4,4,1,4,0,2,4,1,4,1,3,0,0,0,2,0,1,0,4,4,4,0,0,3,0
20,4,4,4,4,4,4,4,4,4,3,2,0,4,0,2,4,0,1,0,0,0,4,0,4,4,4,1,4,1,0
21,4,4,4,4,4,3,4,3,4,4,4,0,4,2,0,0,0,4,0,4,4,4,0,4,4,4,1,4,4,4
22,4,4,4,4,4,4,4,4,2,0,4,0,2,0,3,0,0,1,1,3,0,4,0,0,4,0,0,0,4,0
23,4,4,4,4,4,4,4,4,4,4,4,4,0,4,0,1,2,4,4,0,4,4,2,4,0,4,4,4,4,4
24,4,4,4,4,4,4,4,4,4,4,4,4,4,4,3,2,0,0,2,4,0,4,3,4,4,4,4,4,4,4
25,3,1,0,2,4,0,3,0,2,0,1,4,0,0,2,4,0,0,0,0,2,4,0,2,0,4,0,2,4,0
26,4,4,4,4,3,4,0,4,4,4,4,4,4,2,1,1,4,4,0,0,4,4,2,4,0,4,2,4,3,4
27,4,2,2,4,4,4,2,0,0,2,2,4,4,0,0,0,0,0,0,0,1,4,0,0,4,0,4,4,2,4
28,4,4,4,4,4,0,4,4,4,4,4,4,4,4,4,0,4,3,4,4,4,4,4,4,4,4,4,4,4,4
29,4,4,4,4,4,4,4,4,4,4,2,4,3,2,1,4,0,0,0,0,0,4,4,4,4,4,0,4,4,4
30,4,4,4,2,4,4,1,4,4,0,1,2,0,0,1,2,1,1,0,0,0,0,0,4,4,4,1,4,4,2
31,4,4,4,4,4,4,4,4,4,4,0,4,4,4,2,3,2,4,4,4,4,4,4,4,4,4,4,4,4,3
32,1,4,2,0,4,2,4,0,0,0,4,0,0,0,2,3,0,0,4,0,0,3,2,4,4,4,0,1,0,1
33,4,4,4,2,4,4,4,4,0,4,4,1,4,2,3,2,2,4,3,0,2,4,2,4,2,4,4,2,4,4
34,4,4,4,0,4,0,4,0,3,0,4,4,1,1,4,4,4,0,0,0,0,4,0,0,0,4,0,4,0,0
35,4,4,4,4,3,4,0,4,3,2,4,4,1,1,0,2,1,4,1,0,2,4,0,4,1,4,0,3,4,0
36,4,4,4,4,4,0,4,4,4,4,4,3,4,4,4,4,1,4,3,4,2,4,0,0,4,4,4,4,4,1
37,4,1,4,3,4,4,4,4,4,4,4,4,4,4,4,4,4,0,2,0,4,4,4,4,3,2,4,0,4,4
38,1,4,4,0,0,4,0,3,4,0,4,2,2,4,0,0,1,2,0,0,2,4,1,4,0,4,0,4,4,3
39,4,4,0,4,4,4,4,4,4,2,0,4,0,0,4,3,4,2,0,2,4,4,0,4,0,0,0,2,0,2
40,0,2,4,4,0,4,4,1,4,4,2,4,0,2,0,0,0,0,0,2,2,4,0,2,1,4,0,0,4,2
41,4,4,2,1,4,0,2,0,2,4,4,4,1,2,2,4,0,0,0,0,0,4,0,4,0,4,0,2,0,4
42,4,4,4,0,4,4,4,4,4,4,4,4,4,4,4,0,0,4,4,0,1,4,4,4,4,4,4,4,4,4
43,3,0,4,4,0,0,2,1,4,4,4,1,2,2,4,0,0,0,0,2,2,4,1,0,2,4,4,0,0,1
44,4,4,4,2,4,3,3,2,4,4,4,0,4,4,4,2,1,4,0,1,4,4,0,4,2,4,4,4,4,4
45,4,4,4,3,0,4,0,0,4,4,4,0,2,2,0,4,0,1,0,0,0,4,0,1,4,4,0,4,0,4
46,4,4,4,0,4,4,4,0,2,0,0,0,4,1,0,0,0,0,1,0,0,2,0,4,2,4,1,2,4,1
47,4,4,4,4,4,4,2,4,4,0,0,2,3,4,3,0,3,0,4,0,0,4,0,4,4,4,0,0,3,4
48,4,4,4,4,4,4,4,0,3,4,1,4,4,0,0,0,4,0,2,4,2,4,4,4,4,4,1,4,4,4
49,0,4,4,4,4,4,3,4,4,4,4,4,4,2,1,0,2,1,4,0,2,4,0,4,4,4,3,4,0,4
50,4,4,0,4,4,2,2,4,0,4,0,1,4,2,0,0,0,4,0,0,0,4,0,2,0,4,0,0,2,2
51,4,4,4,4,4,4,4,4,0,4,3,1,4,0,0,3,0,0,3,0,0,4,0,4,0,2,4,2,4,2
52,4,3,4,4,4,1,4,4,4,1,2,0,2,0,0,2,0,1,0,0,0,4,0,2,0,4,0,0,2,1
53,1,0,1,0,0,2,2,1,0,0,2,4,0,0,0,0,1,0,0,0,0,4,0,2,0,0,0,0,4,0
54,3,3,1,3,4,4,4,4,4,4,4,4,0,4,3,2,2,0,0,0,2,4,0,4,4,4,4,2,2,3
55,3,4,4,1,4,4,0,3,2,0,4,0,0,0,0,0,0,0,0,2,0,1,0,1,0,4,0,0,4,3
56,1,1,0,4,0,4,4,4,2,0,2,1,4,0,0,0,0,0,0,0,0,4,0,0,0,4,1,0,3,2
57,3,2,4,1,4,2,0,3,0,2,0,2,2,2,0,4,0,0,4,0,0,4,0,2,4,4,4,0,4,0
58,4,4,4,4,4,0,4,4,1,4,4,2,0,0,4,1,1,0,1,0,0,4,1,4,0,4,0,4,4,4
59,4,4,4,4,4,4,4,4,4,4,4,4,4,4,0,2,0,0,2,0,0,4,0,4,2,4,1,4,2,3
60,4,4,4,4,4,4,4,4,4,0,4,4,4,4,4,4,4,2,4,4,0,4,2,4,2,4,2,4,2,4
61,4,4,4,4,4,4,3,4,4,4,4,4,4,4,2,2,4,0,4,4,1,4,1,4,4,0,4,4,4,4
62,4,4,0,4,4,4,3,2,4,0,3,0,4,0,0,1,2,0,0,3,0,4,0,4,0,4,0,0,2,0
63,4,4,4,4,0,0,0,0,0,1,2,4,4,0,0,0,0,0,2,0,0,4,0,2,0,0,0,0,0,0
64,4,4,0,4,2,4,4,4,1,2,4,4,4,2,4,0,1,0,0,4,4,4,3,4,3,1,4,4,4,4
65,1,4,4,4,4,4,4,4,4,4,4,2,2,2,2,1,2,4,0,4,0,4,0,4,4,2,0,0,4,2
66,4,4,4,4,2,4,4,4,4,4,4,0,0,2,3,0,4,0,0,3,3,4,4,3,4,4,0,4,4,4
67,2,0,4,4,4,3,4,1,0,0,0,0,0,4,0,3,3,0,0,0,0,4,1,0,1,4,0,0,4,4
68,1,4,0,4,4,3,2,1,4,4,4,4,0,2,2,2,0,2,1,1,4,4,1,4,4,4,3,0,3,0
69,4,4,4,4,4,4,4,4,2,4,4,4,2,4,4,2,0,1,4,3,0,4,0,4,2,4,4,4,4,4
70,4,4,4,4,4,4,4,4,4,4,4,4,4,4,4,4,4,0,3,4,3,4,1,4,0,4,2,4,4,4
71,2,2,2,4,0,4,4,4,4,4,2,1,1,0,0,0,4,0,0,0,0,0,0,4,2,2,0,4,3,2
72,1,0,0,0,4,0,0,0,1,1,4,0,0,0,0,0,0,0,0,0,0,1,0,0,0,1,0,0,1,0
73,3,4,2,0,4,4,0,0,0,0,2,1,0,0,0,2,0,0,0,4,0,1,0,0,0,4,0,4,0,2
74,4,4,4,2,4,4,4,4,4,4,2,0,2,2,0,1,2,0,0,0,0,4,0,0,4,2,4,4,2,0
75,0,4,0,4,2,4,0,4,4,0,0,2,0,2,0,1,0,0,0,0,0,4,0,2,0,4,0,2,2,0
76,0,4,0,4,4,0,4,4,4,0,0,0,0,0,0,0,0,2,0,0,4,4,0,1,4,4,0,4,4,2
77,4,4,4,4,4,4,4,4,4,4,4,4,4,2,4,4,4,2,4,1,3,4,1,4,2,4,3,3,4,4
78,4,4,4,4,4,4,4,4,4,4,0,2,1,0,1,0,4,0,0,0,0,4,4,4,0,2,0,2,2,0
79,4,4,2,4,4,2,3,3,3,1,0,2,0,4,0,4,0,0,0,4,0,4,0,4,0,4,0,0,4,0
80,4,4,4,1,4,4,3,4,4,2,2,4,4,3,0,4,4,2,4,0,0,4,0,4,4,0,0,2,4,4
81,4,4,2,4,4,0,4,4,4,4,3,2,2,2,0,4,0,4,4,2,0,4,4,4,4,0,2,4,4,2
82,4,4,4,4,4,4,4,4,3,4,4,4,4,1,0,4,4,0,0,4,0,4,2,2,0,4,4,2,3,2
83,3,4,4,4,4,4,4,4,4,1,0,0,2,0,0,0,2,4,0,0,0,4,0,4,0,1,0,1,2,2
84,4,3,4,4,4,4,4,2,4,2,4,4,1,4,4,1,0,1,4,0,0,4,0,0,2,4,0,4,3,2
85,4,4,4,4,4,4,4,4,0,4,4,4,4,2,1,4,4,0,0,2,0,4,0,4,4,4,1,3,4,4
86,4,4,4,4,4,3,2,4,4,4,1,2,0,0,0,1,0,1,1,2,1,4,4,4,0,4,4,0,4,1
87,4,4,4,4,4,2,2,4,4,2,4,2,0,4,1,4,1,2,4,1,0,4,4,0,2,4,2,0,3,1
88,4,4,4,4,4,0,4,4,2,4,1,4,2,0,2,2,0,0,0,1,0,4,1,4,3,4,0,4,4,3
89,4,4,0,4,3,2,4,4,3,0,0,0,0,1,2,0,4,0,1,0,0,4,0,3,2,2,0,4,3,0
90,1,4,4,4,4,4,4,0,0,3,0,4,0,0,4,0,3,0,4,0,0,4,0,3,4,2,0,0,0,0
91,4,4,4,4,4,4,4,4,4,4,4,3,4,4,4,4,4,4,0,2,0,4,4,4,2,4,0,4,4,4
92,4,4,1,2,4,0,0,4,2,3,1,0,0,4,0,0,0,0,0,3,0,4,0,0,2,0,0,0,1,0
93,4,4,4,4,4,3,4,0,1,4,0,2,4,0,4,0,0,0,0,0,0,4,0,4,0,4,0,4,3,4
94,4,4,4,2,4,4,4,4,3,1,2,4,4,1,1,1,4,2,0,2,3,4,0,0,4,4,2,0,3,4
95,4,4,4,4,4,3,4,4,4,3,4,4,0,4,4,4,1,4,4,4,2,4,0,0,4,4,2,2,4,4
96,4,4,4,4,4,4,4,4,4,4,4,4,4,4,0,4,4,4,0,2,4,4,4,4,2,4,0,4,3,4
97,4,4,4,4,4,4,4,4,4,4,4,1,4,4,2,4,4,2,4,4,4,4,1,4,2,4,2,4,4,4
98,4,4,4,4,4,4,4,4,0,4,4,2,4,0,4,4,4,1,4,0,4,4,3,4,4,4,3,4,4,4
99,4,4,4,4,4,1,2,2,2,4,1,0,0,1,0,4,2,0,4,0,2,4,0,0,2,4,0,0,3,3
100,4,4,4,2,4,4,4,2,4,4,4,2,1,0,0,0,0,4,0,0,0,4,0,4,0,0,0,3,0,0
101,2,4,4,2,4,4,4,4,4,2,4,4,0,0,1,2,0,4,4,0,4,4,0,4,0,4,0,4,4,4
102,4,3,4,0,4,2,4,3,0,0,0,4,4,2,4,0,0,0,0,0,0,4,0,2,2,4,0,0,4,0
103,3,4,4,4,1,0,4,0,0,2,0,0,0,0,2,0,0,0,0,4,0,4,2,4,3,0,0,1,2,1
104,4,4,0,3,2,4,2,2,4,0,0,0,0,0,0,2,0,0,0,0,3,3,0,4,4,2,0,2,0,1
105,4,4,4,4,4,4,4,4,4,4,4,2,4,3,4,4,4,2,4,0,0,4,4,4,4,4,4,1,4,2
106,3,4,4,0,0,4,4,2,0,0,4,4,2,0,1,0,1,0,0,0,0,0,1,4,1,2,0,4,4,2
107,4,1,4,4,4,4,4,2,4,2,0,4,0,4,4,0,4,4,2,0,4,4,0,4,4,4,0,4,4,4
108,4,4,4,4,4,4,4,4,4,4,4,4,4,4,4,4,4,4,4,3,0,4,4,4,4,4,4,4,4,4
109,4,2,4,4,4,4,1,2,1,0,2,2,0,0,0,0,2,0,0,0,4,4,0,4,0,4,4,3,1,0
110,4,4,2,4,1,4,4,4,4,3,4,4,1,2,1,0,4,0,1,0,0,4,4,4,4,4,0,1,3,1
111,4,4,4,4,4,2,4,4,4,4,2,0,0,4,4,2,1,3,0,1,1,4,0,0,2,4,0,4,3,4
112,4,4,4,4,4,3,4,4,4,0,4,4,0,4,0,0,4,0,0,2,4,2,0,2,1,4,0,4,3,4
113,4,4,4,4,4,4,0,4,3,3,0,4,2,3,0,4,0,2,0,0,1,4,1,0,4,0,0,4,4,0
114,4,4,4,4,4,4,4,4,0,4,2,4,4,4,4,4,4,4,2,0,4,4,2,4,4,4,1,2,4,4
115,4,4,4,4,2,4,4,3,4,4,0,1,1,4,4,0,0,0,4,0,4,4,0,2,4,4,0,4,4,4
116,1,4,4,4,4,3,0,2,3,0,4,0,1,0,0,0,0,0,0,0,0,1,0,4,0,4,0,0,4,0
117,3,0,2,0,1,0,0,1,4,2,4,0,0,0,0,0,0,0,0,0,0,3,0,2,0,4,0,4,1,1
118,4,4,4,4,4,4,4,4,4,4,4,4,0,2,2,4,4,4,0,0,1,4,2,4,4,4,4,4,1,4
119,4,4,4,4,4,4,4,4,4,4,4,4,4,4,4,4,0,4,4,0,4,4,4,4,4,4,4,4,4,4
120,4,3,2,0,4,0,3,4,4,4,1,3,0,3,0,0,2,4,0,0,0,4,0,0,1,0,2,4,4,2
121,4,4,4,4,4,4,4,4,4,0,4,4,4,4,0,0,1,0,2,0,3,4,4,4,0,4,4,4,0,4
122,4,4,1,4,0,4,4,2,4,2,2,4,4,4,2,1,0,0,4,0,0,4,0,4,4,4,2,1,4,4
123,1,4,4,4,4,4,1,4,1,1,4,2,0,0,0,0,0,4,2,0,0,4,0,4,2,3,0,3,2,1
124,0,3,4,4,4,4,0,0,2,2,2,0,4,0,2,0,0,0,3,1,0,4,0,0,2,4,0,0,0,2
125,4,2,4,2,4,4,4,0,4,0,2,0,1,4,0,0,0,0,0,0,0,4,0,2,0,2,0,0,4,0
126,4,4,4,4,4,4,4,4,4,4,4,4,4,4,4,4,4,2,4,0,4,4,0,4,4,4,4,4,4,4
127,4,4,4,4,4,4,4,4,4,1,0,1,2,4,4,2,4,0,3,4,1,4,0,0,2,4,4,4,4,4
128,4,4,4,4,2,4,4,4,0,4,4,4,4,4,4,4,2,4,4,2,4,4,1,4,4,4,4,4,4,3
129,4,4,4,4,4,4,4,4,4,4,4,4,0,4,4,1,4,4,4,2,0,4,2,4,4,4,4,4,4,2
130,3,4,4,0,2,3,0,2,4,0,2,0,0,1,4,4,0,0,0,0,0,0,0,0,0,4,0,1,2,1
131,1,2,4,2,1,4,0,2,0,0,0,2,2,0,1,4,0,0,1,0,3,4,0,0,2,2,0,0,3,2
132,4,4,4,0,4,4,4,4,4,4,2,2,1,4,2,0,4,0,1,0,2,4,3,4,0,4,0,4,4,3
133,4,4,4,4,4,0,4,4,4,3,4,0,4,3,4,4,4,0,0,0,0,4,3,4,4,4,4,0,4,3
134,4,4,4,4,4,4,4,1,4,4,4,4,1,2,4,0,4,1,2,2,1,4,1,4,4,4,0,4,2,1
135,4,4,4,4,4,4,4,4,4,4,4,4,4,4,4,4,4,4,4,4,4,4,0,1,2,2,4,4,4,4
136,4,2,4,4,4,4,4,4,4,4,4,4,4,4,4,4,0,3,2,2,0,4,1,4,4,4,2,4,4,4
137,4,2,0,4,4,4,2,4,3,0,2,0,0,1,4,4,0,2,0,4,0,4,0,0,4,4,0,0,0,0
138,4,2,0,0,0,2,0,0,1,0,2,0,0,0,0,2,0,0,0,0,0,4,0,0,0,2,0,0,4,0
139,4,4,3,2,4,4,3,4,4,4,0,4,4,0,0,1,0,0,2,0,0,4,0,4,0,4,4,3,4,0
140,4,3,0,4,4,4,2,1,0,1,2,4,4,0,0,0,4,0,1,4,0,4,0,1,0,4,0,0,4,0
141,4,4,0,3,2,4,0,4,4,4,4,4,4,1,2,2,2,1,0,0,0,0,0,4,0,4,0,2,4,3
142,4,4,4,4,4,4,4,4,4,4,4,4,4,4,4,4,1,4,0,1,2,4,4,4,4,4,4,4,4,0
143,4,4,4,4,4,4,4,4,4,4,4,4,4,4,4,4,4,4,0,2,0,4,3,4,4,4,4,4,4,4
144,4,4,4,4,4,4,3,2,2,2,4,2,4,0,4,0,2,4,0,4,4,2,0,4,0,4,0,4,4,0
145,3,3,4,4,4,0,2,4,3,4,0,1,0,0,0,0,2,0,1,0,0,4,0,4,0,4,0,4,4,4
146,4,4,4,4,4,4,4,4,0,4,2,2,0,4,3,0,0,4,0,2,1,1,2,2,1,4,1,1,4,2
147,4,4,4,4,4,4,4,4,4,4,4,4,4,0,2,4,4,2,4,1,4,4,0,4,4,4,4,4,4,4
148,4,4,3,4,2,4,0,0,4,4,3,2,4,0,0,0,1,2,0,0,0,4,3,1,4,4,2,4,4,3
149,0,4,4,4,4,4,2,4,4,4,0,3,4,4,4,2,4,4,3,1,2,4,0,0,0,4,1,4,4,4
150,4,4,4,4,4,4,4,4,4,4,4,4,0,4,4,0,4,0,2,1,0,4,0,4,4,4,3,4,4,4
151,4,0,4,4,2,4,3,0,4,4,1,1,1,0,0,1,0,0,0,0,0,4,0,0,0,4,0,0,3,0
152,4,4,3,2,4,4,4,0,0,0,4,0,0,0,2,0,4,0,0,0,0,4,0,4,0,0,0,2,3,1
153,4,4,4,1,3,4,2,2,0,0,2,0,2,0,0,0,2,0,0,0,0,4,0,4,2,4,0,1,2,0
154,0,4,4,4,4,4,4,0,0,4,0,0,0,0,2,0,4,2,2,0,0,4,0,4,2,4,0,3,0,4
155,4,4,0,0,4,4,4,4,4,1,0,0,0,0,2,4,0,0,0,1,0,4,0,2,0,4,0,4,3,2
156,4,4,4,4,4,4,4,0,4,0,2,2,4,2,0,0,0,4,3,0,4,4,0,4,4,4,2,0,3,4
157,4,4,4,4,4,0,2,0,4,0,4,0,0,4,0,0,3,0,1,4,2,4,0,4,0,4,0,2,0,4
158,4,2,4,4,4,4,4,1,0,3,2,4,4,4,4,0,4,0,0,3,4,4,2,4,2,4,4,0,3,0
159,4,2,0,4,2,4,4,0,3,0,4,0,0,0,1,0,0,0,2,0,2,4,0,3,0,2,0,4,4,4
160,4,4,2,4,4,3,4,0,0,0,4,4,4,0,1,0,0,1,0,0,1,4,0,0,0,4,4,0,0,4
161,4,4,4,4,4,4,4,4,4,4,4,2,4,1,4,4,2,4,4,3,0,4,2,4,4,4,1,4,4,4
162,4,4,4,0,4,4,4,4,4,4,4,4,2,4,4,4,0,4,3,1,4,4,0,0,4,4,1,4,2,4
163,4,2,4,4,4,2,4,2,3,4,3,3,4,2,4,0,2,0,0,0,0,4,0,2,2,2,0,4,1,0
164,4,4,4,2,3,4,3,4,3,0,3,2,2,1,3,4,0,0,0,2,0,4,0,4,4,0,0,2,3,2
165,4,4,0,4,1,4,4,4,4,1,0,4,0,4,0,0,0,0,4,0,0,4,0,4,4,4,3,0,4,2
166,4,4,4,1,4,4,4,2,1,4,4,0,4,3,4,0,0,0,0,0,2,4,0,4,0,4,0,0,2,0
167,4,4,1,4,4,3,4,4,4,0,4,2,0,4,1,4,0,0,0,1,0,4,0,4,4,4,0,4,3,4
168,4,3,4,2,4,2,4,4,0,4,4,2,4,4,1,1,0,2,4,1,4,4,0,4,0,4,0,4,4,0
169,4,0,0,0,4,2,4,0,0,0,0,0,2,2,0,0,4,0,2,0,0,0,3,4,2,4,4,0,2,1
170,4,4,4,0,1,4,4,2,4,0,4,4,4,4,4,4,3,0,1,2,0,4,3,4,0,4,4,4,4,4
171,4,1,1,4,4,3,4,4,4,0,4,4,4,3,2,0,0,0,4,0,4,4,4,2,4,4,0,4,4,4
172,4,4,4,0,4,0,4,4,4,4,4,4,2,0,0,4,0,2,0,0,0,4,0,2,0,4,0,4,4,1
173,4,3,4,3,4,4,0,4,4,4,3,4,4,4,3,0,0,0,2,0,2,4,0,4,2,4,4,4,4,3
174,1,0,4,1,2,3,1,1,0,2,0,0,0,0,0,0,0,4,0,0,0,4,0,0,0,4,0,1,2,1
175,4,2,4,4,4,4,0,4,4,4,4,4,0,4,4,4,1,0,0,0,1,4,2,4,4,4,4,4,4,4
176,4,4,2,0,2,1,0,4,4,1,0,4,0,0,4,0,0,1,0,0,0,4,0,4,0,4,0,0,4,0
177,4,4,4,4,4,4,4,2,0,4,4,4,2,0,0,4,2,0,4,0,0,4,0,4,3,4,0,4,2,4
178,4,4,4,4,4,4,3,4,0,0,4,0,0,4,4,2,1,4,4,4,4,4,3,0,4,4,0,4,4,3
179,4,4,4,4,4,4,4,4,4,4,4,2,1,4,4,3,1,4,4,2,0,4,4,4,4,4,0,4,3,1
180,4,4,4,4,4,4,4,3,4,2,4,4,4,4,4,1,3,0,4,4,1,4,1,4,2,4,4,2,4,4
181,4,4,4,1,4,4,4,4,4,4,4,4,4,4,4,4,3,1,3,4,4,4,2,4,4,4,2,4,4,4
182,4,2,4,4,4,0,4,3,4,1,1,0,0,0,3,1,0,4,1,0,0,4,2,4,4,4,0,1,1,0
183,4,4,4,4,4,4,4,4,4,0,4,2,2,4,2,4,4,0,0,1,0,4,0,4,0,4,0,4,0,0
184,1,0,0,4,4,0,4,2,4,4,1,0,4,0,0,3,1,0,2,0,0,4,0,0,2,4,0,2,0,1
185,4,4,4,4,4,2,4,4,4,4,0,0,4,4,3,4,4,0,2,1,4,4,4,4,4,0,2,4,4,4
186,4,4,4,4,4,4,4,4,4,4,4,0,4,4,3,0,4,0,4,0,0,4,2,4,0,4,0,4,3,4
187,4,4,4,4,2,4,4,4,4,3,3,2,2,2,4,1,2,0,2,0,0,4,0,4,0,4,0,0,4,1
188,3,4,0,4,2,4,0,4,4,4,4,4,4,4,0,4,0,4,0,4,4,4,0,4,4,4,4,4,4,2
189,4,4,4,1,4,4,4,0,3,4,4,4,0,0,0,0,2,0,1,0,0,1,3,4,2,4,0,4,3,0
190,4,4,4,4,4,4,4,4,4,1,4,1,4,4,0,4,4,0,1,0,0,4,1,3,0,4,0,0,4,3
191,4,4,2,2,1,4,1,4,0,4,4,4,0,2,2,0,4,2,4,0,0,4,3,4,4,4,0,0,4,2
192,1,4,2,0,0,2,4,0,4,2,2,0,0,0,0,4,0,2,2,3,0,4,0,4,0,4,2,4,1,4
193,3,4,4,3,4,4,3,2,4,4,4,0,1,2,4,4,0,4,0,2,3,4,0,2,2,4,0,4,4,4
194,0,4,4,4,4,4,4,0,4,4,3,4,4,2,4,4,2,0,4,4,0,4,0,4,4,0,2,1,4,4
195,4,4,4,2,4,4,4,4,0,4,0,4,4,2,0,0,1,0,0,0,0,4,4,4,0,2,4,0,2,0
196,4,3,2,2,4,0,0,2,0,0,2,0,1,0,0,0,0,0,0,0,0,4,0,0,0,0,0,0,3,0
197,1,4,4,4,2,4,0,4,4,2,0,0,0,4,0,0,1,0,2,0,0,4,2,0,0,4,0,4,3,2
198,4,3,4,4,4,4,4,4,0,4,4,4,2,0,4,2,0,2,1,0,1,4,1,4,4,4,2,4,4,4
199,3,4,4,2,1,2,4,1,1,2,0,2,4,0,0,4,2,0,0,0,2,4,0,4,1,4,4,4,4,4
200,4,2,2,4,4,4,1,0,0,4,4,0,0,2,0,0,0,0,3,0,0,3,0,1,0,4,4,4,3,2
201,4,4,4,4,4,3,4,3,2,0,2,0,2,0,0,0,2,0,2,0,0,4,0,4,2,4,4,0,4,0
202,4,4,4,4,4,4,4,4,4,4,4,2,4,4,0,0,4,4,2,4,0,4,1,4,4,4,0,4,3,4
203,4,4,4,0,4,2,2,4,0,4,3,2,2,2,4,0,0,0,0,0,0,4,0,0,4,2,0,2,2,2
204,4,4,4,4,4,4,2,0,3,0,0,0,4,2,0,0,0,0,0,0,0,4,0,4,0,4,0,0,2,4
205,1,3,4,4,2,4,0,4,4,0,4,1,2,2,0,0,0,0,0,0,4,4,0,4,2,0,4,3,0,4
206,4,0,4,0,0,4,0,2,3,0,3,3,0,2,1,1,0,0,0,0,0,4,1,0,0,2,0,4,2,0
207,4,4,4,4,4,4,4,0,4,4,4,4,4,0,0,0,2,4,0,4,4,4,0,4,1,4,0,0,4,4
208,4,0,4,4,3,4,4,0,1,4,4,0,0,2,2,2,0,1,0,2,0,4,0,4,4,2,0,3,4,4
209,3,4,4,4,4,4,3,0,1,4,0,0,3,0,0,0,0,0,0,0,0,1,0,0,0,0,0,2,0,2
210,4,4,4,4,4,4,4,4,4,4,2,4,4,4,0,4,0,0,0,0,0,4,1,4,0,4,2,3,4,4
211,4,4,4,4,4,4,4,4,3,4,2,4,4,4,4,4,4,0,1,1,3,4,0,4,4,4,0,4,4,4
212,4,4,4,4,4,4,4,4,4,0,4,4,4,0,2,4,0,0,0,1,4,4,2,4,0,4,2,4,0,4
213,0,4,4,4,4,4,0,4,4,0,2,3,4,4,4,4,0,0,0,0,0,4,0,4,0,4,0,1,4,1
214,0,3,4,4,4,4,2,0,0,0,1,2,1,0,0,0,0,0,3,0,0,4,0,1,0,4,0,2,0,1
215,4,4,4,4,4,3,0,4,0,4,2,1,1,1,4,4,4,0,1,0,0,4,2,4,0,4,4,4,4,0
216,4,3,4,2,4,0,4,4,2,2,4,0,0,4,4,0,0,0,1,2,0,4,0,4,4,4,0,4,0,4
217,4,4,4,4,4,4,4,4,4,0,4,4,4,4,4,0,1,0,0,0,0,4,3,4,4,4,4,4,4,4
218,4,4,4,0,0,3,0,4,1,0,0,0,0,0,0,1,0,0,0,0,0,1,0,4,0,4,0,0,4,0
219,4,4,4,3,4,4,4,0,4,0,4,2,0,4,0,0,0,0,0,4,0,1,0,4,4,4,0,4,4,4
220,4,4,4,4,2,2,4,0,0,2,1,4,1,0,0,4,0,0,4,0,0,4,0,0,4,4,0,0,4,1
221,4,2,4,4,4,4,4,4,0,4,4,4,4,4,0,4,2,4,2,4,4,4,1,4,4,4,4,4,4,4
222,0,0,1,0,0,4,3,0,2,0,1,0,2,0,0,0,0,2,0,0,0,1,0,0,0,0,0,0,0,0
223,4,4,4,4,4,2,1,4,0,4,3,0,0,0,2,0,4,0,0,0,0,4,0,0,4,2,0,4,4,1
224,4,0,4,4,4,4,4,4,4,4,4,4,4,4,4,0,4,2,4,4,0,4,0,4,4,4,4,4,4,4
225,4,4,4,4,4,0,1,0,3,0,4,2,0,1,0,0,0,4,0,0,0,4,4,4,4,0,0,2,2,2
226,4,4,4,0,4,4,4,4,4,4,0,2,4,1,0,4,3,0,2,0,0,4,2,1,4,4,0,3,4,4
227,1,0,4,4,0,4,4,4,0,3,3,2,4,3,4,2,4,1,0,0,3,4,0,1,1,1,2,0,4,3
228,0,4,4,0,4,4,4,4,4,1,2,0,4,4,1,1,0,0,0,0,3,0,0,4,0,4,4,1,4,2
229,4,4,3,4,2,4,4,4,4,3,4,0,4,4,2,4,2,0,4,4,0,4,3,4,2,4,0,4,4,3
230,4,4,4,4,4,4,4,4,4,3,4,4,4,4,4,0,4,4,2,0,4,4,0,2,4,0,0,3,4,4
231,4,4,4,4,4,4,2,0,3,4,0,4,0,3,4,3,0,0,2,0,1,4,3,4,4,4,0,4,4,4
232,4,4,4,4,4,4,4,4,4,4,0,4,4,4,4,4,2,4,4,4,2,4,0,4,2,4,2,4,4,4
233,4,4,4,4,4,4,4,4,4,4,0,0,2,0,0,0,0,3,0,0,2,4,0,4,2,4,0,4,1,3
234,0,1,0,4,4,4,4,2,0,3,0,0,2,0,1,0,4,0,0,0,3,4,0,4,1,4,0,4,2,0
235,4,4,4,4,4,4,4,1,4,4,2,0,4,4,2,4,2,2,4,3,0,4,2,4,1,4,3,4,4,4
236,4,4,4,4,4,4,4,4,4,2,4,4,2,4,2,4,4,4,2,0,0,4,2,4,2,4,4,4,4,2
237,3,4,4,4,3,1,4,4,4,0,4,2,0,0,2,0,1,4,0,0,0,0,0,0,0,3,0,0,4,3
238,4,4,2,4,4,0,3,1,2,4,0,4,0,0,0,4,4,2,1,0,1,4,0,2,4,4,0,0,2,3
239,4,4,4,4,4,4,4,4,4,2,4,4,4,4,2,2,0,4,4,2,2,4,2,4,2,4,4,4,4,4
240,4,4,4,4,4,4,4,4,1,2,3,1,2,0,0,0,4,0,0,0,0,4,0,4,4,4,0,4,3,2
241,2,4,4,4,2,4,1,0,4,3,4,3,0,4,4,2,0,0,0,0,0,4,0,2,4,4,0,4,2,4
242,4,2,4,4,4,4,4,4,0,4,4,2,4,0,0,4,0,1,4,3,0,4,3,4,2,4,1,0,3,2
243,4,3,4,4,4,0,4,4,4,3,3,1,4,2,4,2,0,0,4,0,0,4,0,0,0,4,0,2,4,0
244,4,4,4,4,4,4,4,4,4,4,4,4,4,0,0,4,0,0,2,4,0,4,0,4,4,4,4,4,4,3
245,4,0,4,2,3,3,4,2,0,0,2,0,0,0,2,0,0,3,0,0,0,4,0,0,0,4,1,4,2,0
246,4,4,4,4,4,4,4,4,3,4,4,4,3,1,2,0,4,4,0,0,2,4,4,4,4,4,1,4,4,4
247,4,3,2,4,4,4,0,2,0,2,0,1,4,4,0,0,0,0,0,0,2,2,4,4,4,4,0,1,2,4
248,4,4,4,4,4,4,3,4,0,4,0,0,0,0,2,0,4,1,0,4,0,4,0,4,4,1,0,4,3,2
249,3,4,0,4,4,2,4,2,0,0,3,1,0,0,4,0,0,0,0,0,0,2,0,4,0,1,0,0,2,0
250,4,1,4,4,2,4,4,0,2,4,4,1,0,4,2,0,4,4,0,0,4,4,3,4,2,4,0,4,4,3
251,4,4,4,4,4,4,4,4,4,4,1,4,4,4,4,4,4,4,2,4,4,4,0,4,2,4,2,2,4,2
252,4,4,4,4,3,1,3,4,2,4,2,2,0,2,2,4,0,2,0,0,0,4,3,4,4,4,0,0,0,4
253,4,4,4,4,4,4,0,4,4,4,4,4,1,4,3,4,4,4,4,4,4,4,0,4,4,4,0,2,4,2
254,4,1,0,0,2,0,2,1,2,0,0,0,2,0,1,0,0,0,0,0,0,1,0,0,2,0,0,2,0,0
255,4,4,4,0,4,3,4,3,0,4,2,0,4,1,0,2,0,0,4,4,0,4,0,4,0,4,2,4,4,3
256,4,4,4,1,4,4,4,4,4,4,4,0,0,4,4,2,4,4,0,0,0,4,4,4,4,4,0,4,4,4
257,4,4,4,4,4,4,4,4,4,4,4,2,1,4,2,4,0,0,0,2,1,4,2,0,3,4,4,4,1,4
258,4,4,4,4,4,2,4,4,1,4,0,0,4,3,4,2,4,0,4,2,4,4,4,4,4,4,1,4,4,2
259,4,4,4,4,4,4,0,0,4,4,0,4,0,2,1,0,0,1,4,4,1,4,0,4,4,4,0,0,4,2
260,4,4,4,4,4,4,4,4,4,4,4,4,4,4,3,2,1,4,2,0,3,4,1,4,4,4,4,4,4,4
261,4,4,0,4,4,4,2,4,0,1,3,0,0,2,0,0,0,1,0,0,3,4,0,2,0,4,0,0,4,4
262,4,4,4,2,4,4,4,4,4,4,4,2,0,4,1,2,0,2,4,4,4,4,4,4,4,4,0,4,4,4
263,1,4,4,1,4,4,4,4,0,4,2,1,0,0,0,0,0,2,0,0,0,4,0,2,2,4,0,2,4,2
264,4,3,4,4,3,4,4,4,4,2,4,2,4,0,0,3,2,3,4,1,0,4,4,4,4,4,4,4,4,4
265,4,4,3,4,4,4,3,4,4,0,4,4,4,3,1,0,0,0,0,2,2,4,3,4,2,4,0,4,1,2
266,4,4,4,4,4,4,4,4,4,4,4,4,4,4,4,4,4,4,0,1,0,4,0,4,0,4,4,4,0,4
267,4,4,4,4,4,4,3,4,3,0,4,1,2,4,4,4,1,4,0,2,3,4,0,4,4,4,2,3,1,2
268,4,4,4,4,4,1,4,4,4,1,1,2,2,4,4,4,4,0,4,1,2,4,4,4,4,4,2,4,4,4
269,0,3,4,4,4,0,0,1,0,0,0,1,0,0,0,0,4,1,0,0,0,0,0,0,1,2,0,1,0,2
270,4,4,4,4,4,4,4,4,4,4,1,4,4,2,1,0,0,0,0,2,2,4,0,4,4,4,0,4,4,3
271,0,4,4,4,4,4,4,4,1,4,4,0,0,0,0,0,4,0,0,3,0,4,0,4,2,4,0,4,0,4
272,4,4,3,4,4,3,4,4,4,3,4,2,0,0,2,4,2,0,0,0,0,4,4,4,4,4,0,4,4,4
273,4,4,4,4,4,4,4,4,4,3,0,4,4,4,4,4,2,4,4,0,1,4,2,4,0,4,2,0,4,2
274,4,4,4,4,4,3,4,4,3,0,4,4,0,1,4,4,4,0,4,0,3,4,2,4,4,4,4,0,4,3
275,4,4,0,2,4,4,0,4,0,1,0,0,0,0,0,4,1,0,0,0,0,4,0,4,0,4,0,0,0,4
276,4,3,4,4,4,4,4,4,4,4,0,1,1,1,1,0,0,4,4,4,2,4,0,4,2,4,0,0,4,4
277,4,0,4,0,4,0,4,2,0,3,0,1,0,2,0,0,0,4,0,0,0,4,1,4,4,4,2,1,4,2
278,4,4,4,1,4,0,4,4,0,1,4,2,0,0,0,0,2,0,1,0,4,0,0,2,0,4,0,4,2,0
279,4,2,4,0,4,4,4,4,2,4,4,0,2,2,4,2,0,4,0,1,4,4,0,2,0,4,2,4,4,3
280,3,4,1,4,2,4,4,0,2,2,0,4,4,1,2,1,0,0,4,1,0,0,1,0,4,4,0,1,3,4
281,4,4,4,0,4,4,3,4,0,4,4,4,4,2,4,4,0,0,4,0,4,4,4,4,2,4,4,2,4,4
282,4,4,4,4,2,4,4,4,4,2,2,4,4,0,4,0,2,0,3,4,0,4,0,2,0,4,4,0,0,4
283,4,2,4,4,4,2,4,4,4,0,0,2,2,1,4,0,1,0,0,0,0,4,0,4,0,4,1,2,0,2
284,4,3,2,4,1,4,4,4,0,2,0,0,0,0,0,0,3,4,0,0,0,4,0,0,4,4,0,2,4,4
285,4,4,4,4,4,4,4,0,1,4,3,0,0,4,2,4,4,0,2,0,0,4,0,4,4,0,1,2,4,2
286,4,4,4,4,4,2,2,4,0,0,4,0,0,2,3,0,0,0,0,0,2,1,0,3,0,4,4,2,2,0
287,4,4,0,0,2,0,0,2,4,4,0,3,4,2,0,0,0,0,0,0,0,4,0,0,0,0,0,4,4,3
288,3,0,4,4,0,4,1,2,1,2,2,0,0,0,0,0,0,0,0,0,0,0,0,0,0,4,0,4,1,0
289,4,4,4,4,3,4,4,1,0,4,0,3,0,0,1,4,0,0,0,0,0,4,0,2,3,4,2,0,4,0
290,4,4,4,4,4,4,0,4,2,3,4,2,0,4,4,4,0,1,0,3,1,4,0,4,4,4,4,4,2,4
291,4,4,4,4,4,4,4,4,4,4,4,4,4,2,4,4,2,4,2,4,0,4,4,4,4,4,0,0,4,2
292,4,4,0,4,4,4,0,2,4,4,4,4,0,4,0,0,4,0,0,4,0,4,0,4,0,4,0,0,4,4
293,4,4,4,2,4,3,0,4,4,4,2,0,0,3,0,4,4,4,4,0,0,4,2,4,2,2,4,4,4,2
294,4,3,4,4,4,0,4,4,0,4,2,4,0,0,2,4,0,0,0,0,0,4,0,2,0,4,0,0,1,2
295,0,4,4,0,4,0,4,4,4,1,4,0,0,4,0,2,0,4,0,0,0,0,2,0,4,4,0,0,0,0
296,0,0,0,0,0,2,0,0,0,4,0,0,3,0,4,0,0,0,0,0,1,4,0,0,0,0,0,0,0,0
297,4,4,4,2,4,4,4,4,0,0,4,4,3,3,0,0,0,2,4,0,0,4,4,4,4,4,0,4,4,0
298,0,2,2,4,4,1,0,0,2,0,0,0,1,0,0,2,0,0,0,0,0,2,0,0,4,2,0,4,0,0
299,0,4,4,4,0,1,3,4,4,1,3,2,0,0,0,0,0,2,0,2,0,2,3,4,0,4,0,0,0,0
300,4,3,4,4,0,1,2,2,0,0,0,1,1,1,2,4,0,0,0,0,0,4,0,4,0,2,0,0,0,1
301,0,2,4,3,0,0,0,4,0,0,0,0,0,2,0,3,0,0,0,0,0,1,0,0,3,4,0,0,0,0
302,4,4,4,4,4,4,4,0,4,4,4,4,4,1,3,4,0,0,4,2,0,4,0,4,4,4,4,4,4,3
303,3,4,4,2,4,0,4,1,0,3,1,4,0,0,0,0,4,0,0,0,4,4,0,0,2,0,0,0,1,0
304,3,4,4,4,4,0,4,4,4,4,4,4,4,3,4,0,1,3,3,0,4,4,0,4,3,4,0,4,4,4
305,4,4,4,4,4,3,4,4,0,4,4,0,4,4,2,4,0,0,4,0,4,4,0,4,4,4,2,4,4,4
306,4,0,4,4,1,4,2,4,4,2,3,0,0,0,0,4,0,0,0,0,0,1,0,2,0,4,0,4,4,3
307,4,4,4,4,4,2,4,4,2,4,4,4,0,0,4,4,0,2,4,0,0,4,0,4,0,4,0,1,0,2
308,4,4,1,4,0,2,4,4,0,3,0,2,0,0,1,0,0,0,0,0,0,4,0,0,0,4,0,0,4,0
309,4,4,4,4,4,4,0,4,4,4,0,1,1,2,2,4,4,0,1,0,0,4,0,4,4,4,2,3,4,2
310,4,4,0,4,2,4,0,0,1,0,4,2,0,1,0,0,0,0,0,0,0,4,0,2,0,4,0,0,0,0
311,4,1,4,4,0,4,2,4,4,2,4,0,1,0,4,0,4,2,2,0,0,4,0,0,4,0,0,4,4,2
312,4,4,3,0,0,0,4,1,3,0,0,0,0,0,0,0,0,0,4,0,1,4,0,0,0,4,0,2,4,1
313,4,4,4,4,1,4,4,4,4,0,0,4,2,4,0,4,0,0,0,1,4,4,3,4,4,2,4,0,3,3
314,4,4,4,0,4,4,0,4,4,3,4,0,4,1,2,4,4,3,1,0,4,1,3,0,0,4,2,4,4,2
315,1,4,1,0,2,0,4,4,0,2,0,0,0,0,0,1,0,0,2,0,0,3,0,0,0,2,0,1,0,0
316,4,4,4,4,4,4,4,4,4,4,4,4,4,4,2,2,4,0,0,2,3,4,0,4,4,4,0,2,4,4
317,4,4,4,4,2,4,4,3,2,4,3,4,2,3,2,0,4,0,4,0,0,4,0,4,2,4,1,0,4,4
318,4,4,4,4,2,4,4,4,4,4,4,4,4,4,0,4,0,4,2,4,4,4,0,4,4,4,2,4,4,4
319,4,4,4,4,4,2,4,4,4,3,4,0,0,1,1,0,0,2,0,0,0,4,0,3,0,2,0,3,4,3
320,4,4,4,4,4,4,4,4,2,2,4,4,0,2,2,1,0,1,0,1,1,2,0,3,4,4,0,2,2,3
321,3,2,0,4,3,4,0,0,0,0,2,0,1,0,0,0,0,0,0,0,4,4,0,3,0,1,1,0,0,0
322,3,4,4,4,4,4,4,2,0,4,3,2,4,0,3,1,0,2,2,2,2,4,0,2,2,4,2,0,4,4
323,4,4,4,4,4,4,4,4,4,4,4,4,4,3,4,3,4,0,4,2,3,4,0,4,4,4,0,4,4,2
324,4,2,4,0,0,1,4,3,4,3,1,0,4,0,0,0,4,0,0,4,0,4,0,0,4,4,0,0,4,0
325,1,3,4,4,1,4,4,2,4,4,4,0,4,3,4,0,0,4,0,0,0,4,0,0,0,4,0,1,2,0
326,4,4,4,4,4,4,4,0,4,4,0,4,2,4,4,4,4,0,4,0,0,4,1,4,4,4,2,4,4,4
327,1,4,2,4,0,1,0,3,1,1,2,0,0,0,0,0,0,0,1,0,3,4,0,2,0,4,1,0,2,0
328,3,3,4,4,4,4,2,4,2,2,0,0,3,0,0,2,0,0,0,0,0,3,0,4,2,4,0,0,4,2
329,4,4,4,4,4,4,4,0,1,4,4,4,4,2,4,4,2,4,0,0,0,4,0,4,4,4,2,0,4,4
330,4,0,4,4,4,0,2,4,4,4,4,2,4,3,0,1,4,0,4,0,0,4,2,4,0,4,4,4,4,1
331,4,0,4,4,4,4,4,0,4,0,2,0,4,0,0,0,0,0,0,0,0,4,2,4,0,4,0,0,1,0
332,4,4,4,2,4,4,4,4,3,2,4,4,4,2,0,0,0,4,0,4,1,0,0,4,0,4,4,4,4,3
333,4,4,4,4,4,0,4,4,3,4,4,4,4,4,4,4,0,2,3,1,4,4,4,4,4,4,4,4,4,2
334,0,4,4,4,1,4,0,2,4,0,4,4,2,2,4,2,0,2,0,0,0,3,0,0,0,4,0,3,3,1
335,2,4,4,4,4,4,3,4,4,4,4,4,4,0,0,4,0,1,4,0,2,4,0,4,2,4,0,4,4,0
336,4,4,4,2,4,4,0,4,0,4,1,0,0,2,0,2,2,2,0,2,0,0,0,4,4,4,0,2,4,2
337,4,4,4,4,4,0,4,4,3,4,1,0,1,0,4,2,0,2,0,0,0,4,0,4,4,4,1,4,3,4
338,3,4,4,0,4,4,4,0,4,4,4,2,1,4,4,4,0,4,0,0,0,4,2,4,1,4,4,2,4,4
339,4,4,4,4,4,0,4,4,4,1,0,1,0,0,0,0,0,0,0,0,0,4,0,4,4,0,0,1,0,4
340,4,4,4,4,4,4,4,3,2,0,4,0,0,2,3,2,1,2,0,2,2,4,4,4,2,2,1,2,0,3
341,3,4,4,4,0,4,4,1,4,3,4,0,0,1,0,2,0,0,0,0,0,4,0,1,1,4,2,0,0,4
342,4,4,1,0,4,4,4,4,4,4,4,4,4,4,4,4,4,4,4,0,4,4,4,4,4,4,4,3,4,4
343,4,4,4,3,2,2,1,4,4,4,0,2,2,0,0,0,0,0,0,0,0,4,0,0,0,4,0,4,2,2
344,4,4,4,2,4,4,4,1,4,2,4,2,0,0,3,4,2,4,1,4,0,4,0,1,0,4,0,4,4,4
345,4,4,4,4,4,4,4,4,4,4,4,4,4,4,4,4,2,4,1,0,4,4,3,4,2,4,4,4,4,4
346,4,4,3,4,4,4,4,4,0,3,3,3,1,0,4,4,0,0,4,4,0,4,0,4,0,4,0,0,2,0
347,4,4,4,4,4,4,4,4,4,4,0,4,0,4,4,4,4,4,4,0,0,4,4,2,4,4,2,4,4,4
348,4,4,1,4,4,3,4,4,4,2,4,4,4,0,0,3,0,1,2,4,4,4,2,2,3,4,4,4,4,4
349,4,3,4,3,1,3,0,4,0,1,0,0,0,0,0,2,0,0,0,0,0,4,0,1,0,0,2,0,2,0
350,4,4,4,4,4,4,4,4,2,0,0,1,0,2,4,2,2,0,0,0,0,4,0,0,0,0,3,2,1,2
351,4,4,4,1,0,0,4,4,4,2,4,4,0,0,0,0,0,1,2,3,0,4,0,4,4,4,1,0,4,4
352,4,4,4,2,4,4,4,2,1,0,3,0,2,1,1,2,2,0,0,0,2,1,0,2,0,4,0,0,1,3
353,4,1,4,4,4,4,4,4,2,2,0,4,2,0,1,4,4,0,0,2,0,4,0,4,0,4,0,2,2,2
354,4,4,4,4,4,4,4,4,4,4,4,4,4,4,4,4,4,4,4,4,4,4,2,4,4,4,2,4,4,4
355,4,4,0,1,0,4,4,4,2,4,2,4,4,4,0,0,0,2,0,2,1,4,0,4,3,4,0,4,4,3
356,4,4,4,4,4,3,4,4,4,4,4,4,4,4,4,4,4,4,4,4,4,4,3,4,4,4,4,4,4,4
357,4,4,4,4,4,4,2,4,4,4,0,2,4,2,2,4,4,4,0,0,0,4,0,0,0,4,0,0,2,3
358,3,4,4,4,4,4,1,0,2,4,0,1,4,3,4,0,0,0,0,3,0,4,2,0,0,4,0,4,4,2
359,4,4,4,4,0,4,4,4,4,4,4,4,2,4,2,4,0,0,2,3,0,4,2,4,4,4,4,3,4,4
360,1,4,0,4,4,0,4,4,4,2,2,0,0,0,0,0,0,2,0,4,0,4,0,0,2,1,2,4,1,2
361,4,4,4,4,4,3,3,4,4,2,1,4,4,4,1,1,4,1,4,0,0,4,0,2,4,4,0,2,4,0
362,4,3,0,4,3,3,2,2,0,0,0,0,0,2,0,0,0,0,0,1,0,4,0,2,2,1,0,2,4,2
363,4,4,4,4,4,4,4,3,4,4,4,4,4,2,2,2,4,2,4,2,4,4,1,4,2,4,0,4,3,0
364,3,4,4,2,0,4,0,2,4,2,3,4,2,1,0,4,0,0,0,0,0,4,0,4,0,4,0,4,3,1
365,4,4,4,4,4,4,4,4,4,4,4,4,4,4,3,4,4,4,4,4,3,4,4,4,4,4,4,4,4,4
366,4,4,4,3,4,4,4,0,4,1,2,4,0,0,0,2,4,3,4,0,0,4,0,4,2,4,0,4,4,2
367,4,0,4,4,4,4,2,1,4,2,1,4,4,2,0,1,0,0,4,0,0,4,0,2,4,2,0,4,4,4
368,4,4,4,4,4,4,4,3,4,1,0,0,2,0,0,0,4,1,0,0,0,4,0,2,2,4,3,4,4,0
369,4,4,3,4,4,4,4,4,4,4,4,2,4,4,0,4,1,2,0,0,3,4,2,2,2,4,0,4,4,4
370,4,4,4,4,4,4,4,4,4,4,4,4,2,4,2,0,4,0,4,3,0,4,3,4,4,2,0,4,4,4
371,4,4,1,0,4,2,3,4,2,0,2,0,0,0,2,0,0,4,0,0,0,4,4,0,4,4,2,0,3,4
372,4,4,0,0,4,4,3,3,3,2,0,4,4,4,1,0,2,0,2,4,4,4,0,4,4,4,0,4,0,1
373,4,4,4,4,2,4,4,3,4,1,4,4,4,4,0,4,0,0,0,3,0,4,0,4,0,4,1,4,4,3
374,4,1,2,4,4,4,4,4,4,4,1,0,0,0,2,4,4,4,0,0,4,4,1,0,4,2,0,4,3,4
375,4,4,0,4,4,4,1,4,0,4,4,4,2,2,0,4,0,4,0,4,4,4,0,4,4,4,0,2,4,0
376,4,4,2,4,4,3,4,4,4,4,4,0,2,2,4,0,0,0,4,0,3,4,0,4,1,0,0,0,0,4
377,4,4,4,4,4,4,0,4,4,3,4,2,2,0,4,2,4,0,4,4,0,4,0,0,2,4,0,4,3,0
378,3,4,4,4,4,3,4,4,1,0,2,0,0,0,4,4,0,4,0,0,1,4,0,2,4,4,0,4,2,0
379,4,3,4,4,0,4,4,0,2,2,4,4,4,0,0,0,0,0,0,0,1,4,0,1,0,2,0,1,1,0
380,4,4,0,0,0,2,2,3,0,4,0,4,0,0,1,0,0,0,0,0,0,4,0,4,0,4,0,0,2,0
381,4,4,4,0,0,4,3,0,1,2,2,0,0,1,0,1,1,0,0,1,0,4,0,0,1,4,0,1,2,0
382,4,4,4,4,4,0,4,3,4,4,4,4,4,0,3,4,0,0,2,1,0,4,0,4,2,4,0,1,2,3
383,4,4,4,1,0,0,4,0,2,4,0,1,0,0,0,0,0,2,0,0,0,0,0,4,2,0,0,0,0,0
384,4,4,1,2,4,4,4,0,2,2,4,2,4,0,0,0,0,0,0,4,0,4,0,4,4,4,0,2,2,4
385,4,4,4,4,4,4,1,2,4,0,4,4,4,4,4,4,4,3,3,2,4,4,4,4,4,4,2,4,4,3
386,4,4,4,4,4,4,4,4,4,4,4,4,0,4,4,4,4,2,0,3,0,4,1,4,4,4,1,4,3,4
387,2,4,0,2,2,0,2,4,4,0,4,0,2,0,0,0,1,1,0,0,0,4,0,3,0,2,4,4,2,4
388,4,4,4,4,1,4,1,4,1,2,0,2,0,0,1,4,1,0,1,4,0,4,0,4,0,4,0,4,2,0
389,4,1,4,1,2,0,0,0,1,1,4,0,0,0,0,0,0,0,0,2,0,4,0,0,0,4,0,0,0,0
390,4,4,4,4,2,0,4,4,4,3,4,2,0,2,0,4,4,0,3,2,0,4,0,0,0,0,1,0,4,2
391,4,4,2,4,4,4,2,4,3,4,4,2,4,4,4,0,1,0,3,0,0,4,1,4,0,4,4,2,4,2
392,4,2,4,4,4,0,0,4,0,1,3,0,0,0,4,0,0,0,0,0,0,4,4,4,4,4,0,1,2,2
393,4,4,4,1,4,4,4,4,4,4,4,2,4,3,4,0,0,0,4,3,0,4,0,4,1,4,0,3,4,4
394,1,4,0,0,0,2,1,4,0,4,0,0,0,0,0,2,0,0,0,0,0,4,0,4,4,4,0,1,0,0
395,4,4,2,4,4,4,2,1,4,4,3,4,0,4,1,0,0,2,0,0,0,4,0,2,0,4,0,4,4,1
396,4,4,4,4,4,4,4,4,1,4,4,4,4,2,4,0,2,3,0,1,0,4,4,4,4,4,4,4,4,4
397,4,4,4,4,4,4,4,4,4,4,4,4,4,4,4,4,4,0,0,4,4,4,0,4,4,4,4,4,4,2
398,4,4,4,2,4,2,4,4,0,4,4,4,4,2,0,2,2,4,2,4,2,4,2,4,0,4,0,4,4,4
399,1,4,4,4,4,4,0,4,4,2,4,0,0,1,1,2,2,0,4,4,1,4,0,1,1,4,0,0,1,4
400,4,4,4,4,4,0,1,4,2,1,2,0,0,1,3,1,2,0,0,0,0,4,3,4,4,0,0,0,2,0
401,4,4,4,4,4,4,4,4,4,4,4,4,4,4,3,4,0,4,3,4,2,4,0,4,4,4,4,4,4,4
402,4,4,4,4,4,4,4,4,4,4,4,3,1,4,0,0,0,0,2,3,0,4,1,4,4,4,0,2,1,2
403,4,4,4,4,4,4,4,4,4,4,4,4,4,4,4,4,4,0,0,2,0,4,1,4,4,4,1,4,4,4
404,4,4,4,0,3,4,4,4,4,4,4,0,4,4,0,0,2,0,2,0,1,4,2,4,1,2,0,4,0,3
405,4,4,4,4,4,4,4,4,4,4,4,4,4,1,4,2,0,2,4,0,4,4,2,4,4,4,4,4,4,4
406,4,1,4,4,3,3,0,4,4,0,4,0,0,2,0,0,1,4,0,0,0,4,2,4,0,4,0,3,3,0
407,4,4,4,4,4,4,4,4,1,4,4,4,4,4,4,4,3,4,4,0,4,4,4,4,4,4,3,4,4,4
408,3,3,4,4,3,1,4,4,4,4,4,2,0,4,3,0,0,4,0,0,0,4,0,2,4,1,0,4,0,4
409,0,0,4,4,4,4,4,1,4,4,2,1,2,4,4,4,2,0,0,0,0,4,0,2,1,4,0,3,3,0
410,4,4,4,4,3,4,1,4,0,0,4,0,4,4,3,0,0,0,0,0,0,0,0,4,2,4,0,4,1,2
411,4,4,0,4,4,4,4,4,4,4,4,0,4,2,4,4,2,4,4,0,0,4,0,4,1,4,2,3,4,4
412,4,3,4,2,4,4,3,4,2,1,4,0,0,1,3,0,4,1,0,0,2,4,0,4,4,4,0,3,4,0
413,4,1,4,2,2,4,2,4,2,1,0,0,0,4,0,1,0,0,0,0,0,4,0,4,4,4,0,0,2,2
414,0,4,4,4,4,4,4,4,4,3,4,3,4,4,4,4,4,2,0,4,0,4,2,4,4,4,0,4,0,4
415,4,4,4,4,4,4,4,4,4,4,4,2,1,1,2,3,1,0,0,4,4,4,0,4,4,4,4,4,4,4
416,4,4,4,4,4,4,4,4,4,4,4,4,4,4,4,4,4,2,3,3,0,4,3,4,4,4,1,4,0,4
417,4,4,4,4,3,4,4,2,2,4,0,4,4,4,0,0,0,0,0,0,0,1,0,4,0,4,0,4,4,0
418,4,4,0,4,4,4,1,4,0,4,1,0,2,0,0,3,4,4,0,0,4,4,0,1,2,4,0,4,4,0
419,4,4,4,4,0,2,0,4,0,0,4,0,0,0,2,0,0,3,0,0,0,4,0,4,3,3,0,3,4,2
420,4,4,4,4,3,4,4,2,4,4,4,4,0,4,4,4,0,2,0,0,2,4,4,4,4,4,0,4,4,4
421,4,4,0,4,4,4,4,4,4,4,2,0,4,4,4,4,4,0,0,2,0,1,0,4,4,4,1,2,4,3
422,4,3,4,4,4,4,4,4,4,4,1,4,4,4,2,4,0,2,4,2,2,4,3,4,2,2,0,4,4,4
423,4,4,4,4,4,4,4,4,4,4,4,4,2,4,4,4,2,4,2,4,4,4,0,4,4,4,4,4,4,4
424,4,4,4,4,4,4,4,4,4,4,4,4,4,2,0,2,4,2,4,0,0,4,3,2,0,4,1,4,4,0
425,4,4,2,4,0,4,4,4,4,2,4,4,4,2,4,0,0,4,3,2,0,4,1,4,2,4,0,4,0,0
426,4,4,4,4,4,4,4,4,4,4,4,4,4,2,4,4,4,4,1,0,4,4,1,1,3,4,4,4,4,4
427,4,2,2,0,4,4,0,3,1,1,0,4,4,0,0,4,0,0,1,0,0,4,0,4,0,0,4,0,0,0
428,4,4,4,4,4,4,1,2,4,4,2,0,4,4,0,0,2,0,0,0,0,4,0,1,0,4,0,4,4,2
429,4,4,4,2,4,4,0,4,4,4,4,0,4,1,0,2,0,2,0,0,3,4,0,4,2,4,0,4,4,3
430,4,4,4,4,2,2,4,4,4,4,2,4,1,0,4,3,2,4,1,4,0,4,0,2,4,4,0,3,4,2
431,4,4,4,4,4,4,4,4,0,4,2,4,0,1,4,4,0,0,0,1,2,4,0,4,2,4,0,4,4,2
432,4,4,4,4,3,4,0,4,4,2,4,0,1,2,2,4,2,2,1,0,0,4,3,4,0,0,0,4,4,4
433,4,2,0,2,0,4,0,0,0,3,0,0,2,2,0,0,0,4,0,0,0,4,0,1,2,0,0,0,0,0
434,4,4,4,4,4,2,4,2,2,0,3,0,1,4,4,4,0,0,0,0,0,4,0,0,4,0,0,4,0,0
435,4,4,4,4,4,4,4,1,4,1,4,2,4,0,1,0,4,0,4,3,4,4,0,4,4,4,4,0,0,3
436,4,4,4,4,4,4,4,4,4,4,4,0,4,2,2,4,1,4,0,4,0,4,0,4,4,4,4,1,4,4
437,4,4,4,4,4,4,4,4,4,4,4,4,4,4,4,4,4,4,4,0,4,4,0,4,4,4,4,4,4,4
438,0,0,0,4,3,0,1,4,4,1,4,0,0,0,0,0,0,0,2,0,0,4,1,1,2,2,0,0,0,0
439,4,4,4,4,4,4,4,4,4,4,4,3,4,4,4,0,2,2,4,4,4,4,4,4,2,4,0,4,4,4
440,4,4,4,4,4,4,4,2,4,2,0,4,4,4,3,0,4,0,4,0,4,4,0,4,4,4,0,4,4,4
441,4,4,4,0,4,0,0,3,0,3,0,3,1,0,0,1,0,0,0,0,0,4,0,0,0,4,0,3,4,4
442,4,4,4,4,4,4,4,4,4,2,0,4,4,4,2,3,0,2,2,0,0,4,3,4,4,4,4,3,4,4
443,4,4,4,4,4,4,4,4,4,4,0,0,4,4,4,4,1,3,0,0,2,4,3,4,4,4,2,3,3,2
444,1,4,4,0,2,0,1,0,1,0,0,4,0,0,4,0,0,0,2,2,0,4,0,0,0,2,0,0,2,0
445,4,4,4,4,4,3,4,4,2,2,0,4,0,3,2,0,2,0,4,0,0,4,0,4,0,4,1,2,4,0
446,4,4,0,0,2,1,0,3,1,2,0,0,0,0,0,1,0,0,0,0,0,4,0,0,0,3,0,2,4,0
447,4,4,4,2,4,3,4,4,4,4,2,1,4,0,3,4,2,0,1,4,0,0,2,4,1,4,2,2,4,1
448,4,4,4,4,4,2,4,4,4,4,4,4,4,1,4,1,0,2,2,0,4,4,0,4,4,4,1,4,4,4
449,4,4,4,4,4,4,4,4,4,0,4,4,4,4,2,0,0,0,2,0,1,4,2,4,4,4,1,4,4,4
450,3,4,4,4,4,4,4,0,4,2,4,2,2,0,4,0,0,0,1,0,0,4,0,4,0,4,4,0,4,2
451,4,4,4,4,4,4,2,4,4,4,4,0,0,2,1,4,4,4,4,0,4,4,0,1,0,4,0,4,4,4
452,3,4,4,2,4,4,4,2,3,4,0,4,4,4,4,2,4,2,0,4,4,4,0,3,4,4,2,4,4,0
453,4,4,0,0,0,2,0,2,0,0,0,0,0,0,0,0,0,0,2,0,0,4,0,4,0,2,0,0,0,4
454,4,4,4,4,0,4,4,4,3,4,4,4,2,2,4,4,0,1,1,0,2,4,0,4,4,4,1,4,2,4
455,4,4,4,1,4,4,0,0,4,4,4,0,0,4,2,0,0,4,0,0,0,4,2,0,1,4,0,0,4,2
456,3,4,4,4,3,4,0,4,0,1,0,0,0,0,0,0,4,0,2,0,0,4,0,0,0,4,1,4,2,3
457,4,4,4,2,2,0,0,3,4,4,0,4,0,4,0,0,0,0,0,0,0,4,0,4,0,4,0,4,2,1
458,4,4,4,4,4,4,4,4,4,0,1,4,2,0,4,1,4,2,0,2,0,4,0,4,4,4,0,0,4,0
459,4,2,4,4,4,1,4,2,1,2,0,2,4,4,4,4,4,0,4,0,0,4,0,4,4,4,1,0,4,4
460,4,4,4,4,4,2,4,4,4,2,1,4,4,4,3,4,2,0,4,0,4,4,0,4,4,4,0,0,4,4
461,3,4,4,2,4,2,0,1,2,0,2,0,0,0,2,0,3,0,2,0,0,4,0,0,0,4,0,3,2,3
462,4,4,4,4,0,2,3,2,2,4,0,2,1,3,2,0,0,0,0,1,0,4,0,4,2,4,0,4,4,2
463,3,4,2,4,4,4,3,3,4,2,0,4,4,0,0,2,0,2,4,2,0,4,0,0,2,4,2,0,2,0
464,4,4,4,4,4,2,4,3,4,4,4,4,1,2,4,0,0,0,2,0,0,4,0,4,4,4,3,4,0,4
465,3,4,2,4,4,4,4,4,0,2,2,2,2,0,1,0,1,0,0,0,3,4,4,4,0,3,0,4,2,4
466,4,3,4,4,4,2,2,4,2,2,2,2,4,1,1,0,0,4,0,0,0,4,0,4,2,4,0,4,0,4
467,4,4,4,1,4,2,4,4,4,0,1,0,4,0,4,0,0,4,1,2,2,4,0,2,0,4,1,4,0,4
468,4,4,4,4,2,4,4,4,4,4,4,3,0,4,1,0,4,2,0,0,4,4,4,4,2,4,2,4,4,4
469,4,4,4,4,4,3,4,2,4,4,3,4,2,4,2,4,0,4,4,0,0,4,2,0,0,4,0,0,2,2
470,4,0,4,4,4,2,4,4,2,2,2,1,4,0,1,0,0,2,0,0,0,4,0,4,1,4,0,4,0,4
471,4,4,4,4,4,4,4,0,4,2,4,4,0,2,4,4,4,4,4,0,0,4,3,4,4,4,1,4,4,2
472,4,4,4,4,4,4,4,4,4,4,4,4,4,4,4,4,4,2,1,4,2,4,4,4,4,4,4,4,4,4
473,4,4,4,4,4,4,4,0,4,4,4,4,0,0,2,2,2,0,3,2,4,4,0,4,4,4,4,4,0,4
474,4,4,4,4,4,4,4,4,4,4,4,4,4,4,4,4,4,4,4,4,0,4,4,4,4,4,2,0,4,4
475,4,4,0,4,0,4,0,2,3,0,2,0,2,4,0,2,0,0,0,0,0,4,0,4,4,2,4,4,0,0
476,4,4,4,4,0,0,3,4,2,4,4,1,4,4,1,0,2,0,0,0,0,4,0,0,0,4,0,0,4,4
477,4,4,4,4,4,0,4,4,0,2,4,1,3,4,0,4,2,4,0,0,0,4,1,1,4,4,2,4,4,4
478,4,4,4,4,0,4,4,0,4,4,0,4,4,4,0,0,2,1,2,4,0,4,0,4,1,2,0,4,4,1
479,4,4,4,4,4,4,4,4,3,2,4,4,2,4,0,0,0,4,0,1,2,4,0,4,2,0,4,4,4,4
480,4,4,4,4,4,4,4,4,4,4,4,4,4,4,4,0,1,4,4,1,0,4,2,4,4,4,1,0,3,4
481,4,4,4,4,2,4,4,4,4,1,4,4,2,1,4,0,4,1,0,0,0,4,0,4,2,4,4,3,4,4
482,3,4,0,4,4,4,4,0,2,4,4,1,2,3,0,0,0,0,0,0,4,4,0,4,0,4,0,4,4,4
483,4,2,4,0,4,4,0,0,4,0,2,0,0,2,1,0,0,0,0,0,0,4,0,4,0,4,0,1,3,2
484,4,4,4,4,4,4,4,4,4,4,4,4,4,4,4,4,3,2,4,4,4,4,0,4,4,2,4,4,0,4
485,4,4,4,0,4,4,2,4,0,0,4,0,4,1,0,0,0,0,0,2,0,4,0,4,0,4,4,4,1,2
486,0,4,4,4,4,4,4,4,0,0,0,0,0,4,4,0,0,0,0,0,0,4,3,0,0,0,0,1,4,0
487,1,0,0,4,2,4,0,0,2,0,0,0,0,1,1,1,0,0,0,0,0,4,1,0,0,4,0,0,0,2
488,4,4,2,2,4,4,0,4,4,4,1,4,4,1,1,0,4,0,0,0,0,4,0,4,2,4,0,4,4,0
489,4,0,4,4,4,4,4,4,0,4,2,4,0,1,4,2,2,0,0,1,2,4,1,4,2,0,1,1,2,4
490,3,4,4,4,4,4,4,4,4,4,4,2,4,4,4,4,4,4,4,2,2,4,3,4,4,4,2,4,4,3
491,4,4,4,4,2,4,4,4,1,4,4,0,4,2,2,0,4,0,4,2,4,4,0,4,0,4,4,4,2,3
492,4,4,4,4,4,4,1,4,4,1,2,2,4,4,2,0,0,4,3,0,0,4,4,4,0,2,0,4,4,1
493,4,4,4,4,4,4,4,4,4,4,4,4,4,4,4,0,4,4,1,3,0,4,0,4,0,4,4,4,4,4
494,4,1,0,4,4,0,2,0,3,4,1,2,2,0,0,3,2,2,0,0,0,4,4,4,0,0,1,4,2,4
495,4,4,4,4,4,4,4,2,0,4,4,4,0,4,0,4,1,4,0,0,4,4,2,2,4,4,4,4,4,4
496,4,4,4,4,4,4,4,0,4,4,4,4,0,4,0,3,4,0,2,4,1,4,0,4,2,4,2,0,4,4
497,1,4,4,4,4,4,4,4,4,4,4,4,2,4,3,0,3,0,0,0,4,4,4,4,4,4,4,4,4,4
498,4,4,0,4,4,4,4,0,0,0,3,4,2,2,0,3,0,4,0,0,4,4,0,2,0,4,0,0,4,4
499,4,4,4,4,4,4,4,4,4,2,4,4,4,4,4,4,2,0,4,1,4,4,4,4,4,4,0,4,4,4
500,3,0,4,4,3,4,4,0,4,4,0,0,0,0,1,0,0,4,0,0,0,4,0,4,0,0,0,1,4,0
501,4,4,3,4,4,4,4,4,4,0,4,3,2,4,3,0,4,1,4,4,4,4,3,4,2,4,2,4,4,0
502,4,4,4,4,0,4,4,4,4,4,0,1,0,4,0,1,0,2,1,4,0,4,1,1,2,0,1,3,2,2
503,4,0,4,4,4,4,0,0,4,4,4,4,2,2,0,3,4,1,4,4,4,2,0,4,4,4,0,1,2,0
504,4,2,4,4,4,4,4,4,4,4,0,0,0,3,1,4,4,0,4,3,0,4,0,4,2,0,0,2,4,2
505,3,3,4,4,4,4,4,0,0,3,3,1,0,3,4,2,2,0,0,4,0,4,4,0,4,4,0,4,4,3
506,3,4,4,2,4,4,0,4,1,1,4,0,1,0,0,0,2,1,0,4,0,4,0,4,0,4,0,0,0,2
507,4,4,4,4,2,4,4,4,4,1,4,2,0,4,4,4,4,2,0,2,1,4,1,4,2,4,0,2,4,0
508,3,4,4,4,4,4,4,4,4,4,4,2,4,4,4,4,2,0,0,0,0,4,3,4,0,4,4,4,4,4
509,3,3,2,4,0,1,2,1,1,3,0,0,0,1,0,0,4,0,0,0,4,4,0,4,0,4,0,0,2,2
510,4,4,3,4,4,4,4,4,3,4,4,0,2,4,2,1,0,4,0,0,4,4,1,2,1,2,2,4,4,0
511,4,4,4,4,4,4,4,2,4,4,4,4,2,2,0,4,0,2,0,0,0,4,0,2,0,4,0,4,4,2
512,4,4,4,4,1,4,4,4,4,4,4,4,1,0,1,0,0,0,0,2,0,4,0,4,4,4,0,0,0,2
513,4,4,4,4,4,4,4,2,4,0,4,4,2,0,1,4,4,0,4,4,4,4,0,4,2,4,4,4,4,4
514,4,4,4,4,0,4,4,3,4,4,0,1,4,0,0,4,0,0,4,0,0,4,0,2,0,0,1,2,4,4
515,3,0,0,4,2,4,4,3,4,0,4,2,0,2,0,1,0,1,4,0,2,4,0,0,4,4,0,4,2,4
516,4,2,4,4,4,4,4,4,4,2,0,3,2,0,4,4,0,4,2,0,1,4,2,4,0,4,0,4,4,2
517,4,3,4,0,4,4,4,4,4,3,4,2,0,2,0,0,0,0,0,0,1,4,4,4,0,4,0,4,4,3
518,4,4,3,4,4,4,2,0,4,4,4,4,4,4,4,4,0,1,2,0,2,4,4,4,4,4,0,4,3,4
519,0,4,4,4,2,3,4,4,3,4,0,0,0,1,0,0,0,0,0,2,2,4,0,4,2,2,0,4,2,0
520,4,4,4,4,4,4,4,4,4,4,2,1,0,4,0,4,4,4,1,0,2,4,0,4,4,4,0,4,4,0
521,3,4,4,4,4,4,2,4,4,4,4,1,4,4,0,0,0,0,2,1,0,4,2,4,4,4,4,4,3,3
522,3,4,4,4,4,4,0,0,4,1,2,0,1,3,4,4,0,4,0,0,0,4,0,4,2,1,0,0,4,0
523,4,4,4,4,1,2,4,4,2,4,4,4,4,1,0,4,4,4,0,0,0,4,0,2,1,4,4,4,4,4
524,4,0,4,4,4,4,4,4,4,4,4,4,2,3,0,4,4,0,0,0,4,4,0,3,4,4,0,0,1,4
525,0,4,0,4,4,4,4,4,1,2,0,0,2,2,4,4,2,4,0,3,0,4,2,4,0,4,0,4,4,3
526,4,4,4,4,0,4,4,4,4,4,4,4,2,4,2,4,3,3,1,4,0,4,2,4,4,4,2,1,4,3
527,4,4,4,0,4,0,4,4,4,4,4,1,4,4,4,0,0,0,0,4,0,4,0,0,2,4,2,3,4,4
528,4,4,4,4,2,4,2,4,4,4,4,4,4,4,1,0,0,0,4,1,0,4,1,4,4,4,4,4,4,0
529,4,4,4,4,4,0,4,4,4,4,4,4,4,4,4,0,4,4,4,1,2,4,3,4,2,4,4,3,0,4
530,4,4,4,4,4,1,4,4,3,0,4,3,2,1,0,0,4,2,2,0,0,4,0,4,1,4,4,4,1,4
531,4,4,4,4,4,4,4,4,2,4,4,2,2,4,0,0,0,0,2,0,1,4,0,4,0,4,1,1,4,0
532,4,4,4,3,1,4,1,4,4,4,2,0,2,4,2,0,1,3,3,0,0,4,0,4,0,4,0,2,3,1
533,4,4,1,1,4,3,1,0,4,3,3,1,0,2,4,4,4,0,0,2,1,4,0,0,2,4,2,4,4,2
534,1,4,4,0,1,3,0,4,4,2,2,2,0,0,4,4,0,0,0,0,0,0,0,4,4,4,0,0,0,2
535,4,4,4,4,4,2,4,2,4,4,4,1,0,0,0,1,0,0,0,4,0,4,0,4,4,1,0,4,0,4
536,4,4,4,4,4,4,4,4,4,4,1,0,3,4,0,4,4,4,0,4,0,0,0,4,0,4,0,2,4,2
537,4,4,0,4,4,1,4,4,0,2,1,4,2,1,1,0,0,1,1,0,0,4,0,2,0,4,0,4,4,0
538,4,4,0,4,4,4,4,2,0,4,4,0,4,1,2,4,4,4,4,0,1,4,0,4,4,4,4,2,3,4
539,4,4,3,2,3,4,0,1,4,0,2,1,0,2,0,4,4,0,0,0,0,4,0,0,0,0,0,4,0,0
540,4,4,4,4,4,4,4,4,4,4,4,4,4,4,4,3,1,4,1,3,0,4,0,0,4,4,2,4,4,4
541,4,4,4,2,4,4,4,4,4,4,2,2,0,2,0,2,0,4,0,0,4,4,0,4,4,4,0,0,4,3
542,4,4,4,4,4,4,4,4,4,0,2,2,0,4,2,0,4,2,0,4,4,4,3,4,0,4,0,3,4,1
543,4,4,0,2,4,4,4,2,2,1,1,4,0,2,0,0,0,0,4,4,0,4,0,4,2,4,0,0,4,2
544,4,4,4,4,4,4,4,4,4,4,4,4,4,4,4,4,4,4,4,4,4,4,0,4,4,4,4,4,4,4
545,4,4,4,4,3,4,0,4,4,4,4,3,0,0,4,2,0,4,0,0,0,4,0,4,0,4,0,2,4,4
546,4,4,4,4,4,4,3,4,3,4,1,4,4,0,0,0,1,1,1,0,0,1,0,2,1,4,2,4,1,4
547,3,0,0,4,4,4,2,0,0,2,0,1,0,0,2,4,0,0,0,1,0,4,0,4,0,4,0,0,4,0
548,4,4,2,4,0,4,4,2,1,0,4,4,1,1,0,0,0,0,4,0,4,4,0,2,2,4,0,0,4,0
549,4,4,4,4,4,4,3,4,4,1,4,0,0,4,0,0,0,0,2,4,0,4,0,4,2,4,0,1,3,0
550,1,4,2,4,4,2,4,3,2,0,2,2,0,0,0,3,4,4,0,0,0,3,0,4,0,4,4,3,4,2
551,4,4,4,4,4,4,4,4,4,4,4,4,4,4,0,4,0,4,2,2,2,4,2,4,1,4,0,0,2,4
552,4,4,4,4,4,4,2,4,4,1,1,0,0,4,3,0,2,4,4,2,2,4,2,4,0,0,0,4,4,3
553,4,4,4,4,4,2,4,4,4,4,4,4,0,4,2,3,0,2,0,0,0,4,1,4,0,4,0,2,3,4
554,3,4,4,3,4,4,2,4,0,1,1,0,0,0,0,2,0,0,2,4,0,1,0,0,0,4,0,0,2,3
555,4,4,1,1,4,0,2,4,0,4,2,2,4,2,4,2,4,1,0,0,0,4,0,4,0,4,0,2,2,3
556,4,3,4,4,4,4,0,2,4,3,0,0,0,0,4,1,1,4,0,0,0,1,0,4,2,4,2,2,4,4
557,3,4,4,0,4,4,4,4,4,0,2,4,1,2,0,0,0,0,4,2,0,4,0,4,0,4,0,2,2,0
558,4,1,4,4,4,2,0,4,4,4,4,4,4,2,0,4,3,0,0,4,1,2,0,4,0,4,4,4,3,3
559,0,2,4,4,4,0,2,1,4,1,0,0,4,2,0,2,0,4,0,3,0,4,0,1,4,4,2,2,4,4
560,3,4,4,4,4,0,0,4,1,0,2,2,4,0,1,2,0,0,0,0,0,1,0,1,0,0,0,0,4,0
561,4,4,4,4,4,4,2,2,4,4,4,4,4,4,2,4,0,0,0,0,0,4,3,3,2,4,4,4,4,1
562,4,4,4,4,4,4,4,4,4,0,0,4,4,4,2,4,0,0,0,0,1,1,0,4,0,4,0,4,0,4
563,4,4,0,4,4,4,4,4,4,4,4,4,4,1,4,4,4,1,0,2,0,4,4,4,2,4,0,4,4,4
564,4,4,4,4,4,4,4,4,4,4,2,4,1,2,4,4,3,0,4,0,4,4,4,4,4,4,2,1,4,4
565,4,4,4,4,4,4,4,4,4,4,4,4,4,4,4,4,4,0,4,0,2,4,4,4,4,4,4,4,4,4
566,4,4,4,4,4,4,4,3,4,4,3,4,0,4,2,0,0,0,2,4,4,4,0,1,0,4,0,2,4,3
567,4,4,4,4,4,4,4,0,4,4,4,4,4,4,1,2,0,4,2,0,0,4,2,4,0,4,2,4,2,4
568,4,4,4,2,0,0,3,4,0,0,2,0,0,0,0,0,0,0,0,0,0,0,0,2,0,2,0,0,0,3
569,4,3,4,4,4,0,4,4,1,4,0,2,0,4,2,1,2,3,0,1,0,4,0,4,2,2,4,0,2,4
570,4,4,0,4,0,4,2,4,4,4,4,0,4,0,3,1,4,0,2,0,0,2,0,2,3,4,0,0,1,0
571,4,4,2,4,4,4,0,2,0,1,0,0,0,0,0,0,2,2,0,0,2,4,0,4,0,4,0,4,4,0
572,3,4,4,4,4,4,4,4,3,4,3,4,4,1,4,2,1,0,2,0,4,4,3,4,2,4,4,4,4,4
573,1,4,0,4,4,0,0,2,1,4,1,0,0,0,4,1,1,1,4,2,0,4,0,4,2,4,1,2,4,0
574,4,2,4,4,2,4,4,4,2,4,4,2,0,4,4,3,4,0,4,4,0,4,0,4,2,4,0,1,4,4
575,4,4,0,4,4,4,4,4,3,4,0,0,4,4,0,0,0,0,0,0,0,4,0,4,0,4,0,4,4,0
576,4,4,4,2,2,0,4,3,4,4,4,1,4,4,1,4,0,4,0,0,0,4,2,4,1,4,4,0,4,4
577,4,4,4,4,4,0,4,4,2,4,1,4,4,0,4,2,4,4,0,0,0,4,0,4,4,2,2,1,4,1
578,4,2,4,1,0,4,2,4,4,2,0,0,0,1,0,0,4,0,0,0,0,1,0,1,0,2,0,4,1,2
579,4,0,4,2,0,4,0,1,0,0,2,4,0,0,0,0,0,0,0,0,0,4,0,0,0,0,0,0,2,0
580,2,2,4,0,0,0,4,0,0,0,4,0,0,4,0,1,0,0,0,0,0,4,0,0,0,0,0,0,1,0
581,4,4,4,4,2,1,3,0,1,0,4,3,2,1,0,0,0,0,0,0,0,4,0,0,2,0,0,0,0,2
582,4,4,4,2,2,4,4,4,2,4,2,4,2,2,3,2,0,0,2,1,4,4,0,4,2,1,0,3,0,4
583,4,4,4,4,4,0,4,4,4,4,1,0,4,2,2,4,0,0,4,0,4,4,0,4,4,4,0,4,4,0
584,1,4,4,4,4,4,4,4,3,4,4,4,4,4,3,0,0,2,4,0,4,4,4,4,4,1,4,4,4,3
585,4,4,4,4,4,4,4,4,4,0,4,4,3,4,1,4,0,4,0,0,2,4,4,0,4,4,2,4,4,4
586,4,0,4,0,0,4,4,4,3,0,2,0,0,4,0,4,1,0,0,0,0,4,2,4,0,4,0,1,3,1
587,4,4,4,4,4,2,2,2,4,3,2,4,2,0,1,4,4,4,4,1,3,4,0,4,0,4,0,4,4,2
588,4,0,4,0,4,0,4,3,4,2,4,1,2,4,0,1,0,4,0,0,0,4,0,4,1,4,1,0,0,0
589,4,4,4,4,4,4,4,4,4,2,4,4,0,4,2,2,0,4,2,0,0,4,2,0,4,2,1,4,2,4
590,0,4,4,0,4,4,1,2,4,0,0,0,1,1,0,0,0,4,0,0,2,4,0,0,0,0,0,4,4,2
591,4,4,4,4,4,4,4,4,2,0,3,4,2,2,4,4,4,0,0,1,1,4,0,4,2,4,4,4,4,2
592,3,2,0,3,1,0,3,4,3,0,4,0,2,0,2,0,0,4,0,0,0,4,0,4,0,4,0,2,3,0
593,4,4,4,2,1,2,0,3,0,4,4,4,4,0,2,3,0,0,1,2,0,4,0,4,0,4,4,2,1,0
594,4,4,4,0,4,4,4,2,0,2,1,0,4,1,0,2,0,0,4,0,0,4,0,0,4,4,0,4,4,2
595,4,4,4,4,4,0,1,4,0,0,4,1,0,2,0,0,4,0,1,0,0,4,0,4,0,4,0,4,4,4
596,4,4,4,0,4,4,4,2,4,4,2,4,4,0,1,0,2,0,0,0,1,4,4,2,2,2,0,2,4,0
597,0,4,4,2,3,0,4,4,4,0,0,0,4,4,4,1,4,0,4,0,1,4,0,4,4,4,4,4,4,3
598,4,4,0,4,4,4,4,1,2,4,3,4,0,3,2,4,0,0,0,0,2,4,0,0,4,4,0,0,4,0
599,0,2,4,3,4,4,4,1,0,2,2,0,2,2,0,4,0,2,2,4,0,4,0,0,4,4,0,0,3,0
600,4,4,4,4,4,4,4,4,4,3,4,1,3,0,4,4,4,4,0,4,3,4,0,4,2,4,2,4,4,4
601,1,4,0,4,4,4,4,2,0,2,0,0,1,2,2,0,0,0,0,0,0,4,0,0,0,4,2,2,4,0
602,4,4,0,4,4,4,1,4,4,2,0,0,4,4,0,0,0,0,0,1,0,4,0,4,0,2,0,0,0,2
603,4,4,4,4,4,4,4,2,4,4,4,3,2,4,0,4,4,1,4,0,0,4,0,2,4,4,3,4,0,2
604,4,4,4,4,4,4,2,4,4,2,4,4,4,0,2,0,0,1,3,4,0,4,0,4,1,4,0,1,4,0
605,0,4,4,4,2,4,2,4,4,2,0,0,4,2,4,4,4,0,0,4,0,4,0,4,0,4,0,0,4,3
606,3,4,0,2,0,1,0,3,0,0,0,1,4,0,0,0,0,0,0,0,0,1,1,0,0,1,0,0,2,0
607,3,4,4,4,4,2,4,4,4,4,1,4,4,2,2,4,0,0,2,4,4,4,2,2,0,4,0,3,3,4
608,4,3,4,4,4,4,4,2,2,2,0,0,4,0,0,1,0,4,0,0,0,4,0,0,4,4,0,1,2,0
609,4,0,4,4,2,0,0,0,0,4,1,4,0,1,0,0,2,4,4,0,0,4,0,3,2,3,4,1,2,0
610,0,4,0,4,1,4,0,4,4,4,0,0,0,0,4,3,0,0,0,2,0,4,0,0,0,4,0,1,4,0
611,3,3,2,0,4,3,0,4,4,2,4,0,0,0,0,0,0,4,4,4,0,1,0,0,0,4,0,0,0,1
612,1,4,4,2,4,4,3,4,0,0,4,4,3,0,0,1,1,0,0,0,0,4,0,4,0,4,0,1,4,4
613,4,4,4,4,4,2,4,4,1,2,2,3,0,4,0,0,0,0,1,2,0,4,0,4,4,1,0,0,1,4
614,4,4,4,4,4,4,4,4,4,4,4,2,4,2,4,4,4,4,4,3,0,4,0,4,4,2,4,4,4,4
615,4,4,4,2,0,2,3,0,0,0,0,0,2,1,0,0,0,0,0,0,0,1,0,0,0,1,0,0,2,0
616,4,4,4,4,4,4,4,4,4,4,0,3,3,4,4,4,4,1,0,0,0,4,2,4,0,4,0,4,2,4
617,4,4,4,4,4,4,3,1,4,4,4,4,2,4,0,4,4,1,1,2,4,4,1,4,4,4,4,2,4,4
618,4,4,4,4,0,2,4,1,4,4,0,4,1,2,2,0,4,0,0,4,0,4,1,4,4,4,4,4,3,1
619,4,2,1,4,4,4,4,4,4,4,4,0,1,2,0,1,4,0,0,0,0,4,2,4,0,1,0,4,4,2
620,4,3,0,4,4,1,4,4,0,4,4,0,4,4,0,4,0,0,3,0,1,4,0,4,4,0,0,2,4,4
621,4,4,4,4,4,4,4,2,0,2,3,1,0,4,2,4,0,4,0,0,0,4,0,4,4,4,0,3,4,4
622,4,4,4,4,2,0,4,2,4,0,4,4,1,4,2,4,0,3,4,0,1,0,0,4,0,4,2,2,1,3
623,4,4,4,4,4,4,4,4,4,4,4,4,0,2,2,0,0,0,4,0,2,4,4,4,4,4,2,4,4,4
624,4,4,4,4,4,4,4,4,1,4,4,4,2,2,4,4,4,4,1,0,4,4,4,4,4,4,4,4,4,4
625,4,4,4,4,2,4,4,4,4,4,4,4,2,4,4,0,0,4,3,0,4,4,0,4,0,4,3,4,4,4
626,1,4,4,4,1,0,4,4,2,0,0,1,0,2,0,0,0,0,0,0,4,3,0,4,0,4,0,0,2,0
627,4,4,4,4,4,4,4,4,3,4,0,4,2,4,1,0,3,4,2,2,4,4,4,3,4,4,0,2,4,0
628,4,4,1,4,2,4,4,2,4,4,4,4,2,0,4,2,1,2,4,1,4,4,0,4,2,4,4,4,4,4
629,4,3,0,4,2,0,0,0,0,4,2,2,2,0,2,2,0,0,0,0,0,4,0,4,0,4,0,0,2,0
630,3,4,1,0,0,0,1,1,0,3,4,0,0,0,0,4,0,0,0,0,4,4,0,4,0,4,0,1,4,1
631,4,4,4,4,4,4,1,4,4,0,3,0,4,0,3,3,0,0,0,4,4,4,4,4,4,4,4,4,3,4
632,4,4,3,0,4,4,1,0,2,2,0,1,2,0,2,4,1,0,0,0,0,4,1,0,1,4,0,0,4,2
633,4,4,3,4,4,4,4,4,4,4,4,4,4,4,4,0,4,4,4,4,4,4,0,4,4,4,4,4,4,4
634,4,4,4,0,4,4,4,4,4,4,4,2,4,2,3,2,4,4,0,3,1,4,3,2,0,4,4,3,4,4
635,4,4,4,4,4,4,4,4,4,4,1,4,4,4,4,4,4,2,4,2,0,4,0,4,4,4,2,4,4,4
636,4,4,0,4,4,4,4,4,1,4,4,0,4,0,0,4,4,2,0,0,0,4,0,2,1,4,0,4,4,1
637,4,4,4,3,4,4,0,2,3,4,4,0,0,2,4,0,0,1,1,2,1,4,0,1,2,4,0,4,2,0
638,4,4,4,4,4,0,4,2,4,2,4,1,0,4,0,2,0,0,2,2,0,4,4,2,1,4,1,2,4,2
639,1,4,4,2,0,2,3,2,4,1,0,0,0,2,2,2,0,0,0,0,0,4,0,4,0,0,0,2,2,0
640,4,4,4,4,3,2,4,4,2,0,0,0,2,4,0,4,0,0,4,0,0,4,0,4,0,4,0,4,4,0
641,4,4,4,4,4,4,4,4,4,4,4,4,2,4,4,3,2,0,4,0,0,4,0,4,4,4,0,4,4,0
642,4,4,1,2,0,0,4,4,1,0,0,0,0,0,0,0,0,0,0,0,3,4,2,0,0,2,0,0,4,2
643,4,0,0,4,4,4,1,1,0,4,0,1,4,0,2,2,0,2,0,0,4,3,2,0,1,1,0,4,4,1
644,3,4,0,4,0,0,4,2,0,3,0,0,0,0,1,0,0,0,1,0,0,4,0,4,0,0,0,1,0,1
645,4,4,4,2,4,4,0,2,4,1,2,0,4,0,0,0,0,0,0,0,0,4,0,0,0,2,1,3,2,3
646,4,4,4,4,4,4,4,4,4,4,4,4,4,4,2,2,0,2,4,4,4,4,0,4,2,4,4,4,0,4
647,4,4,4,4,4,2,4,4,3,3,4,0,1,0,4,0,0,0,2,0,2,4,0,2,2,4,4,4,4,4
648,3,4,4,4,4,4,4,4,4,4,1,0,4,1,4,2,2,2,1,1,4,4,0,4,4,4,2,4,4,0
649,4,4,4,0,4,4,2,4,4,1,4,0,0,2,0,0,0,0,4,0,0,2,0,4,4,4,0,2,4,2
650,3,4,4,4,4,0,4,4,4,0,3,4,2,4,2,1,4,0,0,0,0,4,0,4,0,4,0,4,2,4
651,3,4,4,4,1,4,4,4,4,4,4,4,1,2,0,4,0,0,0,2,4,4,2,4,4,4,4,4,3,2
652,4,1,4,4,4,4,3,0,4,4,0,0,4,4,0,4,4,0,0,2,0,4,1,4,1,4,0,0,4,4
653,4,4,4,4,4,4,4,0,4,0,0,2,0,0,0,0,0,0,4,0,0,4,0,2,1,0,0,2,4,4
654,4,4,3,2,4,4,4,3,4,2,0,0,1,2,2,1,0,0,0,0,0,4,0,4,2,4,0,1,0,1
655,4,4,0,4,4,4,3,1,3,4,4,2,4,2,4,0,1,0,0,4,0,4,0,4,4,4,4,4,1,4
656,4,4,4,2,2,4,4,4,2,0,2,1,4,3,1,0,4,0,1,0,0,4,4,4,2,4,4,0,2,4
657,3,2,4,0,4,4,4,4,4,2,4,1,4,0,4,1,0,2,4,0,0,4,0,4,4,4,0,1,1,0
658,4,1,2,4,4,0,4,4,4,4,1,4,0,3,2,2,4,2,0,0,3,4,4,4,4,4,2,4,4,0
659,4,4,4,4,4,4,4,4,2,2,4,0,1,4,2,0,2,0,3,0,0,4,0,4,2,2,1,4,4,4
660,4,4,4,4,4,2,4,4,4,4,4,4,4,2,1,4,4,4,0,0,4,4,0,4,2,4,4,2,3,0
661,1,4,4,4,4,4,4,4,4,4,4,4,4,4,4,4,4,0,0,0,4,4,2,4,4,4,4,4,4,4
662,4,4,4,4,4,4,4,4,4,4,4,4,2,4,2,3,2,4,0,4,0,4,0,4,4,4,0,4,4,4
663,2,4,4,4,2,4,0,0,2,4,0,4,2,4,0,4,4,0,0,0,0,4,0,4,0,2,0,1,4,3
664,4,0,4,4,4,4,4,3,2,3,1,4,4,1,4,0,0,4,0,4,0,4,4,4,4,4,4,4,0,2
665,4,0,2,4,4,0,4,4,2,4,4,0,0,2,0,0,4,1,2,0,0,0,0,2,0,4,0,0,4,2
666,1,0,4,0,0,3,2,4,4,2,4,0,2,0,0,0,0,4,0,0,0,4,0,0,2,4,0,2,0,1
667,4,4,0,4,4,4,4,4,4,4,4,4,4,0,1,1,0,0,4,4,4,4,3,2,4,4,0,4,4,4
668,4,4,4,4,4,4,2,4,4,4,4,4,4,3,4,3,4,2,4,4,0,4,0,1,3,4,4,4,4,4
669,4,2,4,4,4,4,4,4,4,4,4,4,4,4,4,4,4,4,4,0,4,4,0,4,4,4,1,3,4,4
670,4,4,4,4,4,4,3,3,4,2,4,1,2,0,4,4,0,4,0,0,0,4,0,4,0,4,0,0,2,0
671,4,4,4,4,4,4,0,4,4,2,2,2,0,2,0,4,0,4,0,0,0,4,1,3,1,1,2,0,4,0
672,4,4,4,4,4,4,4,4,4,0,4,0,4,2,4,4,2,3,2,4,4,4,0,4,4,4,1,2,4,4
673,4,4,4,4,4,2,4,4,4,4,0,0,4,3,0,0,2,4,3,3,1,4,0,4,4,0,0,2,4,0
674,1,4,4,1,2,0,4,4,2,4,1,1,4,1,4,2,0,0,0,0,0,1,0,4,4,4,0,0,4,1
675,4,4,3,2,4,1,4,4,4,4,2,4,4,2,2,4,4,4,4,2,4,4,4,4,4,4,0,2,4,2
676,4,4,4,4,4,4,4,4,4,4,4,4,2,2,2,0,2,4,1,4,4,4,3,3,4,4,2,4,4,4
677,4,4,4,4,4,4,2,4,4,4,4,2,4,4,4,4,4,2,0,3,2,4,3,4,4,2,4,4,3,4
678,4,4,1,4,0,3,3,4,0,1,2,0,0,0,1,0,0,1,2,1,0,4,0,4,0,0,1,2,1,0
679,3,4,0,4,2,4,3,1,0,2,0,0,2,2,1,0,0,1,1,0,2,4,0,4,1,4,0,0,4,4
680,4,4,4,4,4,4,0,2,0,4,0,2,1,4,0,0,0,0,2,0,0,4,0,4,0,4,0,1,3,4
681,3,0,4,0,4,0,4,0,0,1,4,1,4,0,0,0,0,0,0,1,0,4,0,2,2,2,0,0,0,0
682,4,4,4,4,4,2,4,4,4,0,4,1,2,2,4,0,0,0,3,0,0,4,0,4,4,4,0,4,4,2
683,4,4,4,4,3,4,4,4,4,4,4,0,4,4,0,0,4,0,1,4,0,4,1,2,3,0,0,2,4,2
684,4,4,4,4,4,4,4,2,4,4,4,4,4,4,4,4,3,2,4,4,0,4,2,2,4,4,0,4,1,4
685,3,2,4,0,4,0,1,4,0,0,0,4,0,0,0,0,0,0,0,0,0,2,4,0,0,4,0,0,0,0
686,4,4,4,4,4,4,4,4,4,4,4,2,4,4,4,4,4,4,4,1,0,4,4,4,4,4,2,1,4,4
687,4,4,4,4,4,4,4,4,0,2,2,2,0,2,0,4,0,0,0,0,4,2,2,2,0,4,0,0,2,0
688,3,4,4,4,4,4,4,4,0,1,2,2,0,4,0,2,0,1,2,2,0,4,0,4,4,0,0,0,2,0
689,4,4,4,4,4,4,4,3,3,0,4,0,1,0,0,2,0,0,0,0,0,4,0,4,2,4,0,3,4,2
690,4,4,4,4,4,4,4,4,0,0,0,0,0,1,3,4,0,0,0,2,4,4,0,1,0,4,0,4,4,4
691,4,4,4,2,4,3,2,4,4,4,4,4,4,2,3,0,1,4,0,0,0,4,0,4,4,4,1,4,1,4
692,4,4,4,4,0,4,2,4,0,3,2,4,0,1,2,0,0,1,0,0,4,4,0,4,0,4,0,4,2,2
693,3,4,4,3,4,3,4,4,2,2,4,0,1,2,2,2,2,0,4,0,2,4,0,4,4,4,2,2,0,0
694,3,4,4,4,4,0,4,3,4,1,1,0,0,4,0,3,0,3,0,0,0,1,0,4,0,2,0,3,4,3
695,4,2,4,4,4,3,4,4,4,4,4,4,0,3,0,0,0,4,0,2,4,0,2,4,0,4,0,0,0,2
696,4,4,4,4,4,4,4,4,4,4,4,4,4,4,4,4,2,2,4,4,4,4,0,4,2,4,2,4,4,4
697,3,3,4,4,1,2,4,0,4,3,1,4,0,0,2,0,0,0,4,4,0,4,0,0,2,4,0,0,1,0
698,4,4,4,4,0,0,4,0,4,4,0,4,4,0,2,4,4,0,0,4,0,0,0,4,2,4,0,1,4,0
699,4,4,4,4,4,4,4,4,4,4,4,4,4,0,4,2,0,4,4,4,0,4,4,4,4,4,0,4,4,4
700,4,4,4,4,4,0,4,2,4,4,4,4,4,4,0,2,1,4,0,1,0,4,3,4,4,4,1,2,3,0
701,4,4,4,4,4,4,4,4,4,4,4,4,4,4,4,4,4,4,0,4,3,4,2,4,4,4,4,4,2,3
702,4,1,0,4,1,4,4,0,4,2,0,0,0,0,0,0,0,0,4,0,0,4,0,0,0,4,2,0,2,4
703,4,4,4,4,3,4,4,4,4,4,4,3,2,4,4,4,1,0,4,0,2,4,2,4,2,4,3,0,2,4
704,4,4,1,4,4,4,0,0,4,4,4,4,4,0,0,0,4,0,0,4,0,4,0,2,0,4,0,0,1,1
705,1,4,4,4,4,4,4,4,4,1,3,4,0,0,0,3,4,0,4,0,0,4,1,4,4,4,1,2,4,2
706,4,0,4,0,2,2,4,4,4,4,2,0,4,4,3,4,4,4,4,0,0,4,4,4,4,4,0,3,3,1
707,4,3,4,4,4,4,4,2,0,4,0,2,3,0,3,4,0,2,0,0,0,4,0,4,0,2,0,4,1,3
708,4,4,4,4,4,4,4,4,0,3,4,2,2,1,0,4,2,4,0,0,0,4,0,4,2,4,0,0,4,3
709,3,4,4,4,4,4,2,4,4,4,4,4,4,0,4,2,2,2,4,0,2,4,4,4,4,4,4,4,4,4
710,4,4,4,4,4,4,4,4,4,4,4,4,4,4,4,4,4,3,2,2,4,4,4,4,4,4,1,4,4,4
711,3,4,4,0,4,0,4,4,4,0,4,1,0,0,2,2,0,4,0,0,0,4,3,4,2,4,0,3,0,1
712,0,4,4,0,4,4,4,3,0,4,4,2,3,4,4,0,0,4,2,4,0,4,0,3,4,4,0,4,4,4
713,4,4,4,4,4,4,4,4,4,3,1,2,4,4,4,2,0,4,2,4,4,3,0,3,4,4,0,4,4,2
714,3,4,4,4,4,4,4,4,1,4,4,4,2,2,4,0,4,4,0,0,0,4,0,4,4,0,4,2,4,4
715,4,4,4,4,0,4,0,4,4,1,3,0,1,1,3,0,1,0,0,0,4,4,0,4,4,4,1,4,2,2
716,4,4,0,4,4,4,4,0,4,4,4,4,4,1,4,4,0,2,3,1,1,4,2,4,4,4,0,4,4,4
717,4,3,4,4,0,4,2,4,1,3,0,1,0,1,3,0,0,4,4,0,0,4,2,4,4,4,0,0,4,2
718,4,4,4,2,4,4,4,4,4,4,0,0,4,4,4,0,0,0,1,2,0,4,4,2,0,2,0,2,4,4
719,4,3,4,4,4,4,4,4,4,3,4,2,4,4,4,0,0,0,4,0,4,4,0,4,4,4,0,4,4,4
720,4,4,4,4,4,0,3,4,4,4,4,4,4,4,4,4,3,1,3,0,1,4,4,4,4,4,0,4,4,4
721,3,4,4,4,4,4,4,0,1,2,4,1,2,3,4,4,0,0,0,0,0,4,0,2,4,4,4,0,4,4
722,4,4,4,4,4,4,2,4,2,4,4,4,4,4,4,2,1,0,0,0,2,4,2,4,0,4,2,4,4,3
723,4,3,4,4,4,4,4,4,3,4,4,4,1,4,3,1,4,4,3,4,0,4,4,4,4,4,0,4,4,4
724,4,4,4,4,4,4,4,4,4,4,4,4,2,4,4,0,4,4,4,4,4,4,1,2,2,4,4,4,1,4
725,4,4,3,0,0,3,0,0,2,0,4,0,0,0,0,0,2,4,0,0,0,4,0,4,0,0,0,0,0,0
726,4,4,4,4,4,4,4,4,4,4,4,2,4,4,4,3,3,4,0,4,0,4,2,4,4,4,4,4,4,4
727,4,4,2,4,4,4,4,3,4,4,3,2,4,4,4,3,0,4,0,0,0,4,4,4,3,4,0,4,4,4
728,4,4,4,2,4,4,4,4,4,4,4,4,4,4,0,0,4,4,1,0,1,4,2,4,4,4,4,0,4,4
729,4,4,4,0,4,4,0,0,4,4,4,4,4,2,4,4,4,2,0,4,1,4,2,2,2,4,0,1,4,0
730,4,4,4,4,0,2,4,4,3,0,0,0,0,0,0,4,0,0,0,0,0,4,0,0,4,4,0,0,0,1
731,4,3,4,2,4,1,4,0,4,0,4,4,2,4,2,2,4,0,0,0,1,4,0,2,0,4,4,3,3,4
732,4,1,4,2,3,4,0,0,0,0,1,0,0,0,0,3,0,0,3,0,0,1,0,2,0,4,0,2,0,3
733,4,4,4,4,4,4,4,4,2,1,4,1,0,0,3,4,0,0,0,4,4,4,0,2,0,4,0,4,4,3
734,2,3,4,0,2,3,0,1,4,1,0,0,0,0,0,0,0,0,0,0,0,0,0,4,0,3,0,2,2,0
735,1,4,4,0,1,2,0,0,4,0,2,0,1,2,0,0,0,0,0,0,0,4,0,0,0,1,4,0,3,0
736,4,4,0,4,4,4,4,3,4,4,4,2,4,3,1,4,2,4,0,3,0,4,0,4,2,4,4,0,4,4
737,3,4,4,0,2,2,4,3,4,1,4,0,0,0,0,1,4,0,0,0,0,1,2,0,4,2,0,2,2,4
738,3,4,4,4,4,0,0,4,0,0,0,2,0,0,0,0,0,4,4,0,0,4,0,0,0,4,0,3,0,0
739,4,0,2,2,4,4,4,0,0,1,4,4,4,1,0,0,1,0,0,0,0,4,0,2,4,4,0,3,3,0
740,4,4,4,4,0,4,4,4,4,4,4,1,1,0,0,2,0,0,0,2,0,4,4,4,0,4,0,4,2,4
741,4,4,4,4,4,4,4,4,4,4,4,4,0,4,4,2,2,2,0,0,0,4,2,0,4,4,0,4,2,1
742,4,4,4,4,0,0,4,4,4,4,4,4,4,4,3,2,2,0,4,4,3,1,4,4,4,4,2,4,4,4
743,0,4,4,4,0,0,4,4,4,4,4,4,4,1,1,1,0,0,2,1,4,4,0,4,4,4,0,4,2,4
744,3,4,4,4,4,4,0,1,0,4,1,0,0,0,1,2,0,0,1,0,0,4,0,0,0,4,0,2,0,0
745,4,4,4,4,2,4,0,4,4,4,4,3,2,4,4,4,1,4,4,0,0,4,2,4,4,4,4,4,4,3
746,4,4,0,4,2,1,4,4,4,4,1,4,0,2,4,0,0,4,4,0,2,1,4,4,1,4,0,4,4,2
747,0,2,2,2,1,0,1,0,4,0,4,0,0,0,0,0,0,0,0,0,0,4,0,0,0,4,1,2,4,0
748,4,4,4,4,4,1,4,4,4,4,4,4,2,4,4,2,0,2,0,0,4,4,4,4,4,4,2,0,4,0
749,4,4,4,3,4,4,4,4,4,0,4,4,4,2,4,0,4,2,4,0,0,4,0,1,4,4,2,2,4,0
750,4,2,1,4,4,4,4,4,4,4,4,4,0,4,2,0,0,4,0,4,2,1,0,4,4,0,2,4,2,4
751,4,2,1,4,2,4,4,0,4,1,2,0,4,0,0,2,2,4,2,3,0,4,3,4,0,1,2,2,3,4
752,4,0,2,0,0,2,0,4,0,4,0,0,0,0,0,0,0,4,0,0,0,4,0,0,0,2,0,0,0,0
753,4,4,4,4,4,4,1,4,4,4,2,0,4,4,4,0,0,4,2,2,0,4,0,4,4,4,0,3,4,4
754,4,3,4,0,4,4,4,0,4,0,4,2,0,0,0,4,4,0,0,0,0,0,0,0,1,4,4,0,1,3
755,4,4,3,1,4,4,4,4,4,4,4,0,4,4,4,3,4,4,4,2,2,4,1,4,4,4,1,4,4,4
756,4,4,2,4,4,0,4,4,4,1,3,0,4,1,2,2,1,4,0,4,2,4,0,4,4,4,1,4,4,4
757,4,4,3,3,0,3,0,2,0,3,4,0,0,1,0,1,0,0,0,0,3,0,0,0,0,0,0,1,0,0
758,4,4,4,4,4,2,4,4,4,2,4,4,2,1,4,4,4,0,4,4,2,4,4,3,0,4,0,3,0,0
759,4,4,4,4,4,4,4,4,4,4,4,4,4,4,4,4,4,3,4,4,4,4,2,4,4,4,4,3,4,4
760,4,4,4,4,4,2,4,4,4,0,3,0,0,0,3,0,4,0,4,0,2,4,1,4,2,2,0,0,0,0
761,4,4,4,1,4,2,4,4,4,4,4,3,4,4,2,0,4,0,2,0,4,4,4,3,4,4,0,4,4,0
762,4,4,4,2,4,2,4,4,4,2,0,0,2,0,0,2,0,0,0,0,0,3,0,2,0,2,0,4,0,1
763,4,2,4,4,4,2,4,0,2,4,4,2,1,0,4,4,0,4,2,0,0,4,4,4,1,4,0,2,4,4
764,4,4,0,4,4,3,0,2,4,4,4,4,2,4,2,0,0,0,0,0,4,4,0,4,4,4,0,4,4,0
765,3,4,1,1,4,4,1,0,2,4,4,0,0,0,0,2,4,0,0,0,0,4,1,1,4,4,0,1,3,3
766,4,4,4,4,4,4,4,4,2,4,4,4,4,4,4,4,2,4,2,4,0,4,0,4,2,4,4,4,4,4
767,4,1,2,2,3,3,4,2,4,4,0,0,2,1,4,4,0,0,0,0,4,4,0,4,4,4,0,0,4,4
768,1,4,4,4,4,4,4,0,4,2,2,2,0,2,4,0,0,0,0,2,0,4,2,0,0,4,1,4,0,2
769,4,4,4,4,4,4,2,4,4,0,0,0,1,0,1,0,3,0,0,0,0,1,0,4,0,2,0,4,4,4
770,4,4,4,4,4,4,4,4,4,4,4,2,0,4,4,2,4,4,0,2,4,4,1,4,3,4,0,4,2,2
771,3,4,4,4,4,2,2,4,4,4,4,0,0,0,2,4,0,4,4,1,4,4,4,4,0,4,1,4,4,4
772,4,4,4,4,4,4,4,4,4,1,2,0,0,4,4,4,4,4,4,1,3,0,0,4,4,4,4,4,4,2
773,4,4,4,4,4,4,4,4,4,4,4,4,4,2,4,1,2,1,1,4,4,4,3,4,4,4,2,0,4,3
774,3,4,4,4,4,4,0,4,4,0,0,4,3,0,4,4,0,4,0,0,3,4,0,4,0,0,1,0,3,4
775,4,1,4,0,4,4,4,4,4,4,0,3,0,4,0,4,4,0,0,0,2,4,3,0,0,4,4,2,4,2
776,4,4,4,4,2,4,2,0,0,1,4,4,4,4,0,3,1,4,0,4,0,4,0,3,3,4,1,0,4,0
777,4,4,4,4,4,4,4,2,4,4,0,4,4,1,2,4,0,0,4,2,0,4,0,4,4,4,0,4,4,4
778,4,4,4,4,4,3,4,2,4,1,4,1,2,1,2,3,0,0,4,2,0,4,0,4,4,4,0,0,2,4
779,3,2,4,4,4,0,4,4,0,0,0,4,4,0,0,0,0,0,1,0,0,4,0,2,2,4,0,0,2,0
780,4,4,4,4,4,0,4,4,4,1,4,4,1,4,4,4,3,0,4,0,2,4,0,4,4,2,1,4,4,3
781,4,4,4,4,4,4,4,4,4,4,3,2,4,2,0,4,0,4,0,4,0,4,2,2,0,4,0,4,4,4
782,4,4,2,3,4,4,4,4,0,4,2,4,4,0,1,4,4,0,2,0,0,4,0,3,2,4,2,2,2,4
783,4,4,1,4,4,4,4,4,2,4,4,4,4,0,4,4,1,4,0,0,0,4,0,4,4,4,0,2,4,4
784,4,4,4,4,4,4,4,4,4,4,4,2,4,4,0,0,4,0,2,0,1,4,0,4,2,4,0,4,4,1
785,4,4,4,4,0,4,4,4,4,4,4,2,1,2,0,0,2,0,0,4,3,4,0,4,4,4,2,4,4,0
786,3,4,1,4,1,4,4,2,2,3,2,2,0,0,0,0,4,0,0,0,1,4,0,1,4,0,0,2,0,1
787,4,4,4,4,4,4,4,4,4,4,4,4,1,4,4,4,1,0,2,0,3,4,2,2,4,4,4,4,4,0
788,4,3,4,1,4,4,4,0,3,3,4,4,0,2,0,4,0,3,0,4,0,4,1,4,4,4,0,3,4,3
789,4,4,4,4,4,4,4,4,4,2,4,4,1,0,4,4,4,0,2,0,2,4,4,2,2,4,1,4,1,2
790,4,4,2,4,4,4,4,0,4,4,4,0,0,4,4,0,3,4,4,0,4,4,0,4,4,4,4,1,4,4
791,3,4,4,4,4,4,4,0,4,4,0,1,4,2,0,0,0,2,0,1,0,4,4,2,0,4,0,0,4,2
792,4,3,3,2,4,3,4,4,4,0,0,0,0,0,0,0,0,2,0,0,2,4,0,3,4,4,4,1,1,0
793,3,3,4,0,0,1,1,0,0,0,0,0,0,0,0,0,0,0,0,0,4,4,0,4,0,2,0,2,2,0
794,4,4,4,0,0,0,3,0,2,2,0,0,2,0,0,0,0,0,0,4,0,4,0,0,0,4,0,2,1,0
795,4,3,4,2,4,4,4,4,4,4,2,4,4,4,2,0,2,4,4,3,4,4,2,4,4,4,2,3,4,3
796,4,4,4,4,4,4,4,1,0,3,0,0,0,0,0,0,2,2,0,4,0,4,2,1,4,0,0,1,0,4
797,4,4,4,0,2,1,4,4,0,0,2,4,0,0,0,0,0,3,0,4,0,4,0,0,0,4,4,4,4,0
798,4,4,4,4,3,4,0,4,0,4,4,1,0,4,0,4,0,0,0,0,0,4,0,1,4,4,1,4,3,3
799,4,4,4,4,4,4,0,4,4,1,4,4,4,3,1,0,4,0,4,0,3,4,0,4,4,4,4,2,0,2
800,4,4,4,4,4,4,3,2,1,4,4,2,2,1,4,1,0,0,4,4,2,4,0,4,0,4,1,4,4,4
801,4,4,4,4,4,0,0,4,4,4,4,4,0,4,1,1,4,0,4,0,0,4,0,4,4,4,4,4,4,0
802,4,2,0,4,0,4,3,4,4,4,4,4,2,0,0,0,0,2,0,4,0,4,0,2,1,2,2,1,4,4
803,3,3,4,4,4,4,4,0,0,0,2,0,4,0,2,4,3,0,0,0,0,1,0,3,0,4,0,4,4,1
804,4,4,4,4,4,4,4,4,4,4,4,0,4,4,4,1,4,4,3,4,4,4,4,4,4,4,4,4,4,4
805,4,4,4,4,4,0,4,4,4,4,0,0,1,0,0,0,4,0,0,0,0,0,0,4,2,4,2,0,3,0
806,2,0,0,0,4,0,1,1,0,0,0,1,0,0,0,0,0,0,0,0,0,4,0,2,0,2,0,0,0,4
807,4,0,3,1,0,3,3,0,0,0,0,0,1,0,0,0,0,0,0,0,0,4,0,2,0,4,0,1,2,0
808,4,4,4,4,4,4,4,3,4,4,2,4,0,4,4,0,0,0,0,4,4,4,0,4,4,4,0,2,4,4
809,4,4,4,4,4,4,4,4,4,2,4,4,2,0,2,0,4,0,3,3,0,4,0,4,1,4,0,3,2,4
810,4,4,2,0,4,4,2,4,2,0,4,0,0,1,0,4,0,0,0,0,0,4,0,3,0,4,0,4,4,0
811,3,4,4,4,2,0,4,4,1,4,3,4,4,4,0,3,2,4,3,3,4,1,0,4,4,4,0,4,3,4
812,2,4,4,4,4,4,4,4,0,4,2,4,4,4,4,4,2,4,0,0,2,4,0,4,4,4,4,4,4,4
813,4,4,0,4,0,4,4,4,2,4,2,4,0,4,2,0,4,0,0,4,4,4,0,4,2,4,0,4,4,2
814,3,4,4,4,4,4,4,0,4,4,4,4,0,4,3,4,0,4,1,2,4,4,0,0,4,4,0,2,4,4
815,4,4,0,4,4,4,0,3,0,0,0,0,0,0,4,0,3,0,0,0,0,3,0,4,0,4,0,0,0,1
816,4,4,4,4,4,0,4,4,4,4,0,0,2,4,2,0,4,0,4,3,4,4,0,0,0,4,2,2,4,4
817,4,4,2,4,4,4,4,4,4,4,4,0,1,1,1,4,0,0,2,2,1,4,0,3,4,4,4,4,4,4
818,4,4,4,4,4,4,4,4,4,4,4,4,4,4,4,4,4,2,4,4,2,4,4,4,4,4,3,4,4,2
819,4,4,0,4,4,4,4,4,4,4,0,4,2,4,0,0,1,0,0,2,0,4,1,4,4,4,0,3,4,4
820,4,4,4,4,4,1,4,4,2,0,0,4,4,1,0,4,0,0,0,3,0,4,0,4,1,4,4,1,4,4
821,4,4,4,4,4,3,4,4,4,4,4,4,4,2,4,0,4,4,1,4,4,4,0,4,4,4,2,2,0,4
822,1,0,4,2,4,0,2,4,1,1,0,2,1,0,0,4,0,0,0,0,0,4,0,0,0,1,0,4,3,0
823,4,4,0,4,4,4,4,4,3,4,0,0,2,2,1,2,0,4,0,2,2,4,0,0,4,4,0,4,0,3
824,4,4,4,4,4,4,4,4,4,4,4,4,4,4,4,4,4,4,4,0,2,4,4,4,4,4,4,4,3,4
825,4,4,4,4,0,4,4,4,4,2,4,0,1,4,3,0,2,0,4,0,4,4,0,2,4,4,0,0,4,2
826,0,4,1,0,0,4,0,0,3,4,2,0,1,4,0,0,0,4,0,0,0,4,0,4,0,4,0,2,0,0
827,4,4,4,4,4,4,4,4,4,4,4,4,0,4,3,0,4,4,2,0,2,4,4,4,4,4,0,4,4,4
828,4,4,4,2,3,4,4,1,4,4,4,4,1,0,2,2,2,4,0,4,0,4,2,4,2,4,1,0,4,4
829,4,4,4,4,4,4,4,4,4,4,4,4,2,1,2,4,4,2,0,0,0,4,1,4,1,4,4,4,4,4
830,4,4,2,4,4,3,4,2,4,0,4,1,0,0,0,1,4,0,0,0,0,4,0,2,0,4,0,0,0,0
831,4,4,4,4,4,4,3,4,4,4,2,2,1,4,0,4,4,0,4,4,2,4,0,2,2,4,4,4,4,4
832,0,4,4,4,4,4,4,4,4,4,4,3,4,2,4,2,2,4,0,2,0,4,2,4,4,4,1,2,4,2
833,4,4,4,4,4,4,4,4,2,2,0,4,0,4,0,0,2,2,4,2,1,4,4,0,3,4,4,2,4,4
834,4,4,4,4,4,4,0,4,4,4,4,4,4,2,4,4,4,4,2,3,4,4,0,4,4,4,2,4,4,4
835,4,4,2,4,4,2,4,4,3,4,4,4,1,0,2,3,4,4,0,0,0,4,0,4,0,4,4,2,4,4
836,4,4,4,0,4,0,4,4,4,1,4,4,0,0,0,0,4,0,0,0,0,4,0,2,4,0,0,1,3,2
837,0,4,2,2,4,0,0,0,1,4,3,0,0,4,0,0,0,0,0,0,0,4,0,0,0,0,0,0,0,1
838,4,4,4,4,4,4,4,4,2,4,4,4,4,4,3,0,0,4,1,4,4,4,2,4,2,4,4,4,4,4
839,4,4,3,0,4,4,1,1,4,4,4,2,0,0,0,0,0,0,0,0,2,4,1,4,1,4,0,4,4,1
840,4,4,4,4,4,4,4,4,4,2,3,2,0,4,1,0,0,4,0,0,0,4,0,0,4,4,4,4,4,1
841,4,4,4,4,2,2,4,4,0,4,4,0,0,2,1,2,2,4,0,0,2,4,0,0,2,4,0,4,2,4
842,4,4,4,4,4,4,3,2,4,4,0,4,4,2,0,0,0,1,0,2,2,4,0,4,2,4,0,4,0,4
843,4,4,4,0,4,4,3,4,3,4,4,4,2,0,0,4,0,1,4,4,0,4,0,4,0,4,0,4,4,0
844,4,4,4,4,4,2,4,4,2,4,4,4,4,4,4,0,4,4,0,0,2,4,0,4,3,4,0,4,4,4
845,4,4,0,4,0,4,1,1,0,0,0,0,0,2,0,0,0,0,0,0,0,0,0,0,0,4,0,0,0,3
846,0,4,1,0,1,4,1,4,2,0,0,0,0,0,0,0,0,0,0,0,3,0,0,4,0,2,0,0,1,0
847,4,4,1,4,4,2,4,2,4,2,3,4,0,0,4,4,4,4,0,0,1,4,0,4,2,4,4,2,2,4
848,4,4,4,4,4,2,4,3,4,4,3,1,1,0,4,3,0,2,0,0,2,4,4,2,4,4,0,4,1,2
849,4,4,4,1,4,4,2,4,4,4,4,4,1,2,1,0,4,0,4,3,0,4,2,4,4,4,1,0,2,4
850,3,4,4,4,2,4,1,2,2,4,2,4,0,1,4,2,0,4,2,0,0,4,0,2,0,4,0,0,1,2
851,4,4,4,4,4,4,2,4,4,0,4,4,0,4,2,4,2,0,2,0,0,4,0,4,4,4,1,4,4,3
852,4,4,4,4,0,2,0,4,4,0,1,4,0,3,0,0,0,0,0,0,0,4,0,4,0,2,0,0,2,4
853,4,4,4,4,4,4,4,4,2,2,4,4,4,4,0,4,4,0,2,0,3,4,0,4,4,4,1,4,4,4
854,4,4,4,4,0,4,2,4,4,4,4,0,4,3,4,0,3,0,0,4,1,4,2,4,4,4,4,4,4,4
855,4,4,4,4,4,4,4,4,4,4,4,4,4,4,2,2,0,1,2,4,0,4,4,4,4,4,4,0,4,4
856,3,0,4,4,1,4,4,0,4,2,2,0,2,0,0,2,0,1,2,0,0,4,0,0,0,4,0,2,0,4
857,4,4,4,4,4,3,4,4,4,4,4,2,4,4,1,4,0,0,2,0,4,4,0,4,0,4,1,1,2,2
858,1,4,4,4,4,4,4,4,4,4,4,2,4,2,4,0,0,2,0,0,2,4,0,4,4,4,0,4,4,4
859,4,1,0,4,4,2,4,3,4,0,4,2,0,0,4,0,0,0,3,0,0,4,0,0,1,0,0,0,0,4
860,4,4,4,2,4,3,1,0,4,2,0,0,0,0,0,0,4,0,2,2,0,4,0,3,0,4,2,4,2,1
861,4,4,4,0,4,4,0,3,3,4,4,0,0,4,0,4,2,0,0,2,0,4,0,3,0,4,0,3,4,2
862,4,4,4,4,0,4,4,4,4,4,4,4,0,4,2,4,0,4,4,0,4,4,3,0,4,4,2,4,4,2
863,4,4,4,4,4,4,4,4,2,4,4,3,4,4,4,0,2,1,4,0,0,4,0,4,0,4,0,4,4,0
864,4,4,4,4,3,4,2,4,3,0,4,3,1,1,0,0,0,0,2,4,0,4,0,4,4,0,0,2,4,4
865,4,2,4,4,4,4,2,4,4,4,4,4,4,2,4,2,0,0,0,0,0,4,2,4,2,4,0,4,3,0
866,0,2,4,4,4,4,0,4,4,0,4,0,1,4,2,0,1,0,4,0,4,4,0,0,1,0,2,4,2,0
867,4,3,4,4,1,4,3,4,3,4,4,4,4,0,1,4,2,0,2,3,0,4,2,2,2,4,4,1,4,4
868,4,4,0,4,4,4,4,4,4,4,4,4,2,1,0,3,4,2,0,2,0,4,0,4,4,4,2,4,0,0
869,4,4,4,4,4,4,4,4,2,1,4,4,2,4,3,2,4,4,4,4,2,4,0,4,4,4,0,4,4,4
870,3,4,4,4,4,4,4,4,2,0,2,0,2,2,4,0,4,0,0,1,0,4,1,4,0,4,0,1,0,2
871,1,4,4,4,4,4,4,4,2,4,4,4,4,4,4,0,0,0,0,4,2,4,0,4,4,4,0,4,4,4
872,4,4,0,4,4,1,4,2,3,2,4,0,2,0,0,0,0,0,4,1,0,4,0,1,1,0,1,0,3,2
873,4,4,4,4,1,1,4,4,4,4,4,2,3,0,0,0,4,0,4,0,2,4,0,4,4,4,4,4,4,4
874,4,4,4,4,2,2,3,4,2,4,2,0,0,0,0,0,0,0,0,0,0,4,0,0,0,0,0,0,2,0
875,4,4,4,2,4,2,4,4,4,4,4,4,4,4,4,4,4,1,4,4,4,4,4,4,4,4,4,4,4,4
876,4,4,4,0,4,0,0,4,4,4,4,3,1,0,0,4,4,0,0,0,0,4,0,4,4,4,0,4,4,3
877,3,0,1,4,4,4,1,4,0,4,2,2,0,0,0,0,0,0,0,0,0,0,0,0,0,2,0,0,0,2
878,4,4,4,4,1,4,1,3,1,4,0,1,1,0,0,4,2,0,3,0,0,4,0,2,0,4,0,0,0,0
879,0,4,0,3,4,2,4,0,4,4,1,1,0,4,1,4,4,0,2,0,4,4,2,4,4,0,0,4,4,4
880,4,4,4,1,2,1,4,0,2,2,0,0,0,0,0,0,0,0,3,0,0,4,0,1,0,4,0,0,2,4
881,4,4,4,4,4,4,4,3,3,4,4,2,0,1,4,4,0,4,4,0,0,4,0,1,0,4,4,0,4,4
882,4,4,4,4,4,1,4,0,3,4,0,4,2,1,4,0,0,2,0,0,0,4,0,4,0,4,0,2,3,0
883,4,4,4,4,4,4,0,1,0,4,4,2,0,0,3,4,0,0,0,0,0,4,2,4,4,4,1,4,4,0
884,4,4,4,2,4,2,4,1,0,0,4,1,0,0,0,0,2,0,0,0,0,4,0,2,0,4,0,1,0,4
885,4,0,0,4,2,2,0,4,4,0,0,0,0,0,0,2,0,4,0,0,0,1,0,4,4,0,1,0,0,1
886,4,0,4,4,2,1,4,4,4,4,4,4,0,4,2,1,0,1,0,0,1,4,0,2,0,4,4,3,4,3
887,4,4,4,4,4,4,4,4,4,4,4,4,4,4,4,4,2,4,4,2,4,4,3,4,4,4,2,4,4,4
888,1,4,4,4,2,4,4,2,4,4,4,3,0,1,2,0,0,4,4,0,0,4,2,4,2,2,1,4,4,2
889,3,4,4,4,4,4,4,4,1,0,0,0,0,0,2,4,0,0,0,0,0,4,4,4,0,4,0,3,0,0
890,2,4,2,4,4,4,0,3,0,3,2,0,2,4,0,0,4,4,3,0,0,4,0,0,4,4,4,4,4,4
891,3,0,0,4,4,4,0,0,3,1,0,4,0,0,0,0,0,0,0,1,0,4,4,4,0,4,2,1,0,0
892,4,4,4,4,4,4,4,4,4,3,2,4,2,4,0,4,0,1,4,4,4,4,1,4,2,4,2,4,4,4
893,4,4,4,0,4,4,2,1,4,4,1,0,4,4,0,2,3,0,1,0,4,4,0,4,2,2,0,0,4,3
894,4,4,2,4,2,4,4,2,4,0,4,0,1,4,0,0,4,0,0,0,0,4,0,4,0,4,4,2,4,4
895,4,4,4,4,4,4,4,4,2,1,0,1,0,2,1,0,0,0,0,0,4,4,0,4,0,1,2,4,4,2
896,4,4,4,4,4,4,4,2,4,4,4,1,1,2,0,4,1,0,4,0,4,4,0,4,1,4,1,4,0,0
897,1,4,4,4,1,4,3,0,2,1,4,4,0,4,1,0,0,0,0,0,0,4,0,4,4,4,0,0,4,0
898,4,4,4,4,4,4,4,0,0,4,4,4,0,0,0,2,4,2,2,0,0,4,3,2,0,4,4,2,1,3
899,4,4,0,4,4,0,4,4,4,4,0,3,4,4,1,4,4,0,0,0,0,4,4,0,0,0,2,4,4,1
900,4,0,4,0,0,2,0,1,4,2,0,0,0,0,0,0,0,0,0,0,0,4,0,1,0,2,0,4,4,0
901,4,0,4,4,4,1,1,4,4,0,3,2,2,4,0,0,0,0,0,0,0,4,0,2,2,4,0,0,1,0
902,4,4,4,0,4,4,4,4,4,4,4,4,4,4,2,4,0,4,0,0,0,4,4,4,2,4,2,4,3,4
903,4,4,4,4,4,4,0,1,4,0,4,0,2,4,0,2,4,0,4,2,0,4,0,4,4,4,0,4,4,2
904,4,4,4,1,4,4,4,2,0,4,4,4,4,0,2,4,0,4,2,4,2,4,2,4,1,4,4,4,3,2
905,4,4,4,4,4,4,4,4,4,4,4,0,3,4,0,1,4,0,4,2,1,4,2,4,4,4,4,2,4,1
906,4,4,4,4,3,4,4,4,1,3,2,2,4,4,4,2,0,0,0,1,0,4,4,4,0,4,4,2,4,2
907,4,4,4,4,3,4,4,0,4,4,4,4,0,4,2,0,0,4,4,4,0,4,0,4,4,4,4,4,2,4
908,0,4,4,4,4,4,4,4,4,4,4,0,0,4,4,4,4,0,0,4,4,4,0,4,0,4,4,4,4,4
909,4,3,4,4,1,2,0,0,3,2,0,0,0,4,2,0,0,2,0,0,0,4,1,2,0,4,0,4,0,0
910,4,4,4,1,4,0,4,4,0,0,0,2,0,2,0,0,2,0,0,4,0,4,0,4,0,4,2,2,4,4
911,4,3,4,4,2,4,1,4,4,1,4,1,0,4,0,0,0,0,0,0,0,4,0,4,4,4,0,4,4,3
912,4,4,4,3,3,4,4,4,4,4,4,0,4,2,4,4,4,4,0,4,4,4,0,4,4,4,0,2,4,0
913,4,4,0,4,4,4,4,4,4,4,4,4,2,0,4,3,3,4,4,4,2,4,4,4,4,4,0,4,4,3
914,4,4,4,4,4,3,4,1,4,1,2,4,2,4,4,0,0,0,0,0,0,4,0,4,4,0,0,4,4,2
915,4,4,4,4,4,4,4,4,4,4,4,4,4,0,4,4,2,4,0,4,0,4,0,4,0,4,1,1,2,2
916,4,4,4,4,0,4,4,4,4,4,0,4,4,2,0,0,4,0,4,0,4,4,1,4,4,4,2,4,4,4
917,4,4,4,4,4,4,4,4,4,1,4,0,4,0,4,4,0,4,0,0,2,4,0,4,2,2,1,0,3,3
918,4,4,4,4,4,4,0,4,4,4,0,4,0,2,4,3,4,0,3,4,0,4,3,4,4,4,1,4,4,0
919,4,4,4,4,0,1,1,2,4,4,4,2,2,2,4,4,4,1,0,2,0,4,4,4,1,4,0,4,3,4
920,4,3,4,4,4,4,0,0,4,0,0,0,0,1,2,4,0,0,0,4,0,4,0,4,0,4,2,2,4,0
921,4,4,2,0,4,4,2,4,0,2,2,4,2,1,0,4,2,1,0,2,4,4,2,4,4,4,0,4,2,4
922,3,0,4,4,0,4,4,3,4,2,3,4,0,0,3,0,0,0,0,0,0,4,0,4,4,4,4,2,4,4
923,3,4,4,4,2,4,4,3,1,3,2,0,0,0,0,0,4,0,1,0,0,4,0,0,2,1,0,4,4,0
924,4,2,3,4,1,4,2,4,4,0,0,0,0,2,0,0,0,0,0,1,0,4,0,3,2,4,1,1,3,1
925,4,4,4,4,4,4,4,4,2,2,4,2,4,4,4,4,1,4,4,4,2,4,0,4,4,4,4,4,4,4
926,4,2,4,4,2,2,0,2,4,4,2,0,4,2,4,0,0,2,3,0,0,0,0,4,1,4,0,4,2,4
927,4,4,4,0,4,1,4,2,4,1,0,0,0,1,0,0,0,0,0,0,0,4,0,1,0,4,0,0,0,0
928,4,4,4,4,4,4,4,4,4,4,1,2,1,1,0,0,0,0,4,0,0,0,0,4,0,4,0,0,4,0
929,4,4,4,4,4,4,4,4,4,4,4,4,4,1,2,4,4,0,4,2,4,4,3,4,4,4,1,4,4,4
930,3,4,4,4,3,4,4,4,4,0,3,4,2,4,3,2,4,4,0,3,0,4,0,4,4,4,0,0,2,4
931,0,4,4,0,4,2,1,0,4,3,4,0,0,0,2,0,3,0,0,0,0,4,0,4,0,4,0,0,2,3
932,4,4,4,4,4,4,4,4,4,4,4,0,4,2,4,4,4,4,2,4,3,4,0,4,4,4,2,4,4,1
933,4,4,4,4,2,4,4,2,2,4,1,4,4,4,0,4,4,4,4,0,0,4,0,3,4,0,1,4,4,4
934,4,4,0,4,4,1,1,4,1,4,3,2,0,4,4,4,0,0,0,0,0,4,0,0,0,2,0,3,0,4
935,2,0,4,3,0,2,2,0,0,2,0,0,0,2,2,0,0,0,0,0,0,4,0,0,0,4,0,0,0,0
936,4,3,2,4,0,0,0,2,0,4,2,1,0,2,0,3,0,2,0,1,0,4,4,1,1,4,0,4,2,0
937,4,4,4,2,0,4,4,0,0,2,1,1,0,0,1,2,0,0,0,0,0,0,0,2,0,4,0,1,1,1
938,4,4,4,2,4,4,0,4,4,4,1,4,4,3,0,0,3,0,0,0,0,4,0,4,2,4,1,3,4,2
939,4,0,0,4,1,0,4,3,4,1,4,0,1,2,1,0,0,1,0,0,0,4,0,4,0,4,0,4,4,0
940,3,4,4,4,0,4,4,4,2,4,2,2,4,2,0,4,0,1,0,0,0,4,0,2,3,4,0,4,4,0
941,4,4,4,4,4,4,4,4,4,4,4,4,1,4,4,4,4,4,4,4,4,4,4,4,2,4,4,4,4,3
942,4,4,4,2,4,4,4,4,3,4,4,4,4,2,0,2,4,0,4,0,0,4,1,4,2,4,0,4,2,2
943,4,4,4,4,4,4,4,4,4,3,0,4,4,4,3,2,4,2,1,2,0,0,0,4,0,4,0,3,4,4
944,4,4,4,4,3,4,4,4,4,0,4,4,4,2,3,2,1,4,3,0,3,4,1,4,0,4,3,4,4,4
945,4,1,4,4,2,0,4,0,4,0,0,0,0,0,0,0,0,0,0,0,0,4,0,2,4,0,0,0,2,4
946,4,2,1,0,2,4,2,0,2,2,2,0,4,0,1,0,2,4,0,0,1,4,1,2,4,2,0,0,4,0
947,4,3,4,4,4,3,2,0,4,3,4,2,1,4,0,0,4,2,0,4,0,4,3,0,2,4,2,0,4,4
948,4,4,4,4,4,4,3,4,4,4,4,4,4,2,2,4,0,0,2,0,1,4,2,4,4,4,0,4,4,4
949,4,4,4,4,4,4,4,4,4,4,4,4,2,4,4,0,4,4,2,1,3,4,0,4,4,4,0,3,4,4
950,3,4,2,4,4,4,0,4,1,3,4,1,1,0,2,4,0,0,1,0,0,4,0,2,2,4,0,2,4,4
951,4,4,4,4,2,4,4,1,0,2,4,0,0,0,0,4,4,4,0,3,1,4,0,0,4,4,4,4,4,0
952,4,4,3,4,0,0,2,0,0,2,0,0,4,0,2,0,0,4,0,2,0,4,0,2,0,2,0,0,3,0
953,0,4,2,0,0,4,4,2,4,3,4,0,0,1,0,0,4,0,0,0,0,4,0,4,0,4,1,0,3,1
954,3,4,0,4,4,2,1,0,2,0,4,0,0,0,2,4,0,2,1,1,0,0,2,0,0,0,0,0,1,2
955,4,4,3,4,4,4,4,4,4,2,4,4,4,0,4,4,2,1,2,0,3,4,0,2,2,4,2,4,4,4
956,4,4,4,4,4,4,4,4,4,2,4,4,4,4,2,4,2,4,4,0,2,4,2,4,2,4,0,4,4,0
957,1,4,0,4,0,4,4,1,2,0,2,0,0,0,0,0,0,0,0,4,0,4,0,4,0,3,0,0,0,0
958,4,4,4,4,1,4,0,4,0,3,0,1,0,0,0,2,0,0,0,0,0,4,0,2,4,4,1,4,2,4
959,4,4,4,4,4,4,4,4,4,4,4,4,4,4,4,0,4,1,3,4,2,4,4,4,2,4,0,4,4,4
960,4,4,4,0,4,4,4,1,0,0,4,0,4,2,0,1,0,0,0,0,0,4,0,4,2,4,4,4,2,2
961,4,4,4,0,4,0,4,0,0,0,4,0,0,0,0,2,0,0,0,4,0,3,0,4,0,2,1,0,3,3
962,4,4,0,2,0,4,4,2,3,2,4,4,1,1,4,1,4,0,4,2,0,4,0,4,4,4,0,1,0,4
963,4,4,4,4,4,4,0,2,4,4,3,0,4,2,2,1,0,0,0,0,0,4,0,1,2,4,0,4,0,4
964,3,4,4,2,4,1,4,4,3,4,4,4,1,4,4,4,2,4,0,4,0,2,2,4,4,4,1,4,3,3
965,3,0,4,2,4,4,4,1,2,2,1,0,4,0,0,0,0,0,0,0,0,0,0,4,4,4,0,0,3,3
966,4,4,0,2,4,4,4,4,4,4,1,4,0,1,1,0,0,4,0,4,0,4,4,4,4,4,0,0,1,0
967,4,4,4,4,4,4,0,3,1,1,0,0,0,0,0,0,0,2,0,0,0,4,0,0,0,4,0,2,0,1
968,4,4,4,4,4,4,4,2,4,4,4,0,2,0,0,0,0,0,4,0,0,4,3,1,0,4,0,0,4,2
969,2,3,3,4,4,3,1,4,4,2,3,0,4,0,0,2,0,1,2,0,0,4,0,4,2,4,2,3,4,0
970,4,4,4,4,4,0,4,4,4,2,4,4,4,0,1,0,0,2,0,2,0,4,0,0,4,1,4,4,4,2
971,3,4,0,2,0,0,0,2,0,4,0,0,2,0,0,0,0,4,0,0,0,3,0,4,0,0,0,0,0,0
972,4,2,4,4,4,3,4,0,0,0,2,4,4,0,0,4,4,0,0,0,0,1,0,4,0,4,0,0,2,2
973,4,4,4,4,4,4,4,4,4,4,2,0,1,2,4,0,4,0,4,4,0,4,1,4,4,4,1,4,4,4
974,4,4,4,4,4,4,4,4,4,4,4,0,4,1,2,4,4,0,4,0,4,4,0,4,4,0,0,4,4,2
975,4,2,4,0,4,4,3,4,0,4,0,0,0,0,4,0,0,0,0,0,0,4,0,4,0,4,0,0,0,3
976,4,4,4,4,4,4,2,4,4,4,3,4,4,2,4,0,1,4,3,0,0,4,1,2,4,4,2,1,4,3
977,4,4,2,2,4,0,3,2,0,4,0,1,2,2,2,4,4,4,0,0,0,4,0,3,4,4,1,0,1,2
978,4,4,2,4,4,3,4,4,4,3,0,2,0,0,0,0,4,0,0,0,0,0,0,0,0,4,2,4,2,4
979,4,4,4,4,4,4,4,4,4,4,4,4,4,2,2,0,4,4,4,0,4,4,1,4,0,4,0,4,3,3
980,1,4,4,2,4,4,4,2,4,0,0,0,0,0,0,0,2,0,4,0,0,4,0,4,1,4,0,4,4,1
981,4,4,4,0,0,4,4,2,3,0,0,2,0,0,0,0,0,0,0,2,0,4,0,4,0,4,0,4,4,1
982,4,4,4,4,4,4,4,4,4,4,2,4,4,2,4,0,0,0,0,4,3,4,0,4,2,4,2,2,4,4
983,3,4,4,2,4,4,0,0,4,1,4,4,4,4,3,0,4,2,4,1,3,4,0,4,4,4,4,4,4,1
984,4,4,4,4,0,4,4,4,4,0,2,0,0,0,0,4,2,0,0,0,0,2,0,4,0,4,4,2,4,4
985,4,4,4,4,4,4,4,4,4,4,4,4,0,4,1,2,4,4,0,4,2,4,4,4,4,4,4,4,0,4
986,4,4,4,4,4,4,4,4,4,4,3,4,4,4,2,4,0,4,1,4,4,4,0,1,4,4,1,4,4,4
987,4,4,4,0,4,4,4,4,4,4,4,4,0,1,0,4,1,4,4,2,2,4,3,2,2,4,2,4,4,4
988,4,4,0,0,4,4,4,4,4,4,4,1,2,4,2,0,4,4,4,0,0,4,2,4,4,4,0,0,4,2
989,4,4,4,4,3,2,3,4,2,0,4,0,1,2,0,0,2,1,0,0,0,4,0,0,2,4,0,0,3,0
990,4,4,4,4,4,4,4,1,4,4,4,4,1,4,2,1,4,4,4,0,2,4,0,2,0,4,4,2,4,4
991,4,4,3,4,4,4,3,2,4,0,0,0,2,1,4,1,0,0,1,0,0,4,4,2,0,4,0,2,4,1
992,4,4,4,4,4,4,4,0,0,4,0,2,0,1,4,0,2,0,0,2,0,4,0,0,4,4,0,0,4,4
993,0,4,4,4,4,4,4,4,4,4,4,4,4,4,4,4,4,2,4,4,2,4,4,4,4,4,4,4,4,4
994,3,2,4,4,2,0,4,2,2,4,4,2,4,0,2,0,0,2,0,0,0,0,0,2,0,4,2,2,1,0
995,4,4,4,4,4,4,4,4,4,4,4,4,1,4,1,4,1,1,3,2,1,4,0,4,4,4,4,4,4,2
996,4,4,4,3,4,1,4,4,0,2,4,1,0,0,1,2,1,0,0,0,0,4,0,4,0,4,0,1,0,1
997,4,4,4,4,4,4,3,4,2,4,3,4,4,4,1,4,0,4,0,4,0,4,0,4,4,4,0,4,4,0
998,4,4,4,4,4,4,4,4,4,4,4,4,4,4,4,0,4,4,2,4,0,4,2,4,2,4,2,4,4,4
999,4,4,4,4,4,4,4,4,4,2,4,4,2,2,0,4,4,0,2,0,1,4,0,4,0,4,1,1,4,4
1000,4,4,4,4,4,4,4,4,4,4,4,4,4,4,4,4,2,4,4,3,0,4,4,4,4,4,4,4,4,2
