"individuo","verdadeiro","estimativa_EAP","erro_padrao","escore"
1,0.545816937604482,0.651589997521701,0.368559461986647,87
2,1.09345133149984,0.867286184440965,0.378056049101624,93
3,-0.801916369927051,-0.872292954170737,0.327362380750103,52
4,0.718618606963848,1.00153481185206,0.388970332925892,92
5,0.727428904378733,0.315776404628894,0.339978605462057,81
6,1.16205518835043,0.97270182995239,0.39453817530559,93
7,0.521329687579898,1.00658320252178,0.365239351773794,96
8,0.711805796252036,0.852878574834923,0.387482729454734,93
9,-0.399541025281435,-0.614131663551746,0.326563391934979,58
10,-1.96512790264892,-1.47236929132701,0.335844544230169,37
11,-0.534634613133558,-0.939310026947807,0.344397941631497,54
12,-0.00856700242489704,0.321891219270846,0.331907536466868,80
13,0.192400110368695,-0.120357169648338,0.337062975530809,71
14,0.319497112379001,0.105516330904304,0.338296528342908,77
15,-1.51117450066874,-0.716464423350683,0.344521891053157,53
16,1.32908456063183,1.27595306617424,0.38650373668472,99
17,1.29108313754017,0.702078394995845,0.373665138043877,88
18,1.11106744406501,0.469543867602647,0.368578413941911,83
19,-0.31699211005573,-0.322388398634564,0.340425127955061,66
20,0.398360803461291,-0.0312865801941012,0.343040752376566,74
21,0.532448458758986,0.597751889882666,0.36965324889073,89
22,-0.231999984750964,-0.507927640681595,0.349481952775355,60
23,1.15413835794653,1.25856763880585,0.41495009048207,97
24,1.20154418200911,1.46095263178914,0.407683024879937,102
25,-1.358653561357,-1.23417988421253,0.336394717461293,44
26,0.925156664324805,0.677105306436047,0.359550755988159,90
27,-0.819853128237148,-0.679763361331953,0.347015055714835,57
28,1.7471571519153,2.22553525897417,0.49337330614328,111
29,0.476486058101768,0.637746859485831,0.364010101396117,88
30,-0.193804529942108,-0.35546300213464,0.325364657756943,62
31,1.93770201534482,1.72905064896294,0.433625753824421,110
32,-1.36198203621499,-1.0893768512424,0.346029301648911,49
33,0.254500627677398,0.720349667797428,0.343481017796855,91
34,-1.17881871104479,-0.678337372076922,0.358947856367372,57
35,-0.00573516258103734,-0.125095681671246,0.320360889997139,72
36,1.29862419389684,1.17743733558479,0.390697330410026,98
37,1.19036159378784,1.19983785561259,0.402264275076051,99
38,-0.36721973894861,-0.329325066423811,0.338363644134353,61
39,0.290146638808091,-0.200814243411236,0.352193229194684,69
40,-0.222505378050879,-0.610285757255007,0.33257032568088,56
41,-0.734443963450578,-0.544677880238151,0.33672287699273,58
42,1.02515789284859,1.65144996484002,0.446218028001987,101
43,-0.785240501604491,-0.56628419110242,0.334432586522541,55
44,0.783015211674117,0.730218324779958,0.367425554609377,92
45,-0.283745113563609,-0.490586452442999,0.353103970590955,61
46,-0.910094190718852,-0.772883944504247,0.328418470206254,52
47,-0.381346355765547,0.0581740584088618,0.347663638888751,76
48,0.74955989864262,0.713789675767652,0.378306072984213,89
49,0.762950030410769,0.658101994370617,0.355770597478236,86
50,-1.06420325920903,-0.846629172877481,0.331632683571663,53
51,-0.423821078464532,-0.162537653562383,0.338986067187635,72
52,-0.402690575518531,-0.901774259525401,0.320705971433178,53
53,-2.5923635024359,-2.00578761919166,0.364676251822804,24
54,0.939359882963902,0.253427669346789,0.337413487195827,82
55,-1.47138636013951,-1.32453852721776,0.345079558764743,44
56,-1.08595275676509,-1.24386171689926,0.340453522603987,41
57,-0.966663982775852,-0.825203663079492,0.334033053085047,57
58,0.198800580295335,0.102131115484633,0.347890961422854,71
59,1.05651282177374,0.509446417523691,0.349959527966347,84
60,1.18296416105027,1.344850901349,0.400799643220101,102
61,1.32488540637342,1.37188377057577,0.399838045752056,101
62,-1.08023276476745,-0.85977657097827,0.337804421282923,56
63,-1.66678313109091,-1.62149065872208,0.365258129795405,35
64,0.605872486431279,0.649614029645229,0.363940825067124,87
65,0.342375646339586,0.227123389198597,0.334402178661809,80
66,0.554862338430547,0.559415780652494,0.362217933033058,88
67,-0.701605459869873,-0.98314464261502,0.355107607687075,50
68,0.31141800323645,0.0343213185691089,0.332132592817261,72
69,1.25698653852468,1.08878105255049,0.383806833784329,96
70,1.45959453724868,1.62169795914411,0.414189358461217,105
71,-0.852082826519441,-0.784955653152902,0.326673571547309,55
72,-2.47973072507375,-2.50826452118725,0.385331008991687,14
73,-1.17786361580072,-1.5987234734086,0.354300237667782,37
74,-0.598104539759949,-0.289205134688878,0.337748504511031,67
75,-1.98138957787944,-1.26133507866,0.34139291808605,41
76,-1.12590800096425,-0.828346601022972,0.359999025256745,53
77,1.33848309067718,1.39699256974501,0.379402528244483,105
78,-0.593777786862301,-0.386003241431979,0.336578140085554,66
79,-0.916712075026165,-0.754531320428368,0.334362765095288,60
80,0.205187605724682,0.298353685169446,0.346783039883331,83
81,0.658773150757882,0.457463626811694,0.345885977999354,85
82,0.9312845738329,0.365934377435422,0.351792785579312,87
83,-1.18599110182296,-0.763544060541432,0.330325000965914,58
84,0.0992251480142694,0.0975788627991082,0.33550697080937,77
85,0.484256709654087,0.71792394253501,0.36135589115619,89
86,-0.104008279606256,-0.106432684729216,0.336017991639816,71
87,0.535939246579395,0.0941631066616515,0.329759652127607,77
88,0.683700550749615,0.0830246534604696,0.330275896563012,73
89,-0.906584301489831,-0.839122716393334,0.322565902648665,54
90,-1.66873890172395,-0.869967488982314,0.360989168427228,56
91,1.20849668605516,1.37876714793366,0.41270423487369,103
92,-1.12578887916381,-1.37130138091038,0.346484796306551,39
93,-0.0414697945991064,-0.377285420918201,0.349901047861142,65
94,0.444103891845193,0.179104417393548,0.33324919635007,79
95,0.780774893703809,1.02164500137575,0.378022533266186,97
96,1.00576342008178,1.35431065169425,0.420768079463446,103
97,1.28364251141412,1.51803218814287,0.405537610966521,106
98,1.43942646079192,1.36009054239153,0.408854940477433,101
99,-0.5883685877293,-0.577751386307409,0.321277413095261,61
100,-0.613360458592571,-0.685789943396982,0.341500768636832,58
101,0.0850123203253028,0.227794230992789,0.362798398514235,81
102,-0.684459170877165,-0.842443838812532,0.346951818326032,54
103,-0.814973449237524,-1.15468649453172,0.334871096488355,45
104,-1.03814237944183,-1.28511018273536,0.3312966517964,46
105,0.605477721461157,1.22572494974674,0.395697798744696,102
106,-1.03223452414579,-0.75660727649835,0.334275517804945,51
107,0.741689885856686,0.624471581707204,0.381159272866764,87
108,3.03975195464448,2.37809935480197,0.509313667997768,115
109,-0.375070147319302,-0.867631112457662,0.33144724342642,56
110,-0.0220094654065447,0.0530545038796998,0.328499792915168,76
111,0.310900781380178,0.21947273740099,0.34188678524067,77
112,0.239404231409021,0.0600855390432856,0.35498108805846,77
113,0.572937951437224,-0.168396416971867,0.340122797609416,67
114,1.29538066751337,1.33506606991428,0.399799627530525,101
115,0.565506650864197,0.32144992269239,0.362265552347453,81
116,-1.40974653568147,-1.37790804930074,0.350442250784701,43
117,-1.51878079524504,-1.75278981232891,0.343506779161527,32
118,1.38410735143473,1.05577656387433,0.384541608462547,96
119,2.15950009432886,2.30212460833671,0.51282780385159,112
120,-0.75900792114888,-0.533892524598775,0.329244532768122,58
121,0.710219271692823,0.738876184725673,0.391420154361762,86
122,0.563026135034555,0.249993978855595,0.346648349887718,77
123,-0.91935512418263,-0.688078565545052,0.320439940004072,59
124,-1.66264793113105,-1.06202117707189,0.336311508892721,47
125,-1.23598209874235,-1.16760442172783,0.345694967482536,47
126,2.04791246360076,2.07196617669661,0.482032188146133,110
127,0.781742003588268,0.685989613142788,0.36599059309285,88
128,1.34659139459091,1.57501001289306,0.415351642395642,106
129,1.75504408871709,1.50494090031618,0.421357349554524,103
130,-1.26921622625362,-1.36797195242364,0.330895814691496,41
131,-1.34584201385666,-1.23803383304453,0.326745398405748,42
132,0.427053838032299,0.382258265743526,0.340047304592443,80
133,1.02081001241493,0.620036561867055,0.366599562997645,88
134,0.502360260321013,0.622117316214422,0.349106907593654,86
135,2.16083761252319,1.79380610153481,0.454224370529538,109
136,1.52043673511334,1.3370380501024,0.390531121863901,100
137,-0.949360645262488,-0.87967163320538,0.345287206029399,56
138,-2.1828766242187,-2.20108446757681,0.374973181462668,23
139,0.541332971444176,-0.256366423028268,0.347699664753859,70
140,-1.08176067037734,-0.889971044785121,0.338917612075034,55
141,0.0491975940153991,-0.20834277761,0.329274760516425,66
142,1.02027458902524,1.66079583329199,0.438353447542472,104
143,1.60936489831993,1.9440235272398,0.459820726901959,109
144,-0.43392153597436,-0.0300349490163969,0.346937637121336,79
145,-0.566951695438165,-0.654455319248908,0.335917069728298,59
146,-0.0559748608338511,0.0503579747115276,0.325027663415288,72
147,2.07853057325098,1.58972776544348,0.433270671669579,105
148,-0.251191276673277,-0.150688012228624,0.335793462788366,70
149,0.93321597377832,0.658368869693104,0.358872445469074,86
150,1.08001527625165,1.15570694830801,0.39483025329293,94
151,-1.09716348530879,-1.19702321298987,0.334071106352536,44
152,-0.897644234685243,-1.07742568005683,0.341349196196837,49
153,-1.27935875094196,-1.14056451289295,0.323020506728375,47
154,-0.473379436192909,-0.555356327489887,0.352964934893671,59
155,-0.841439284484844,-0.74287992462411,0.33597688066067,55
156,0.567563854805329,0.148097199515781,0.348880374452999,78
157,-0.636196883542576,-0.458763374043003,0.357088573864183,62
158,-0.257993790120843,0.271367078083324,0.359416097811271,82
159,-0.308496975577944,-0.85345611823523,0.340223778739785,53
160,-1.2554688174179,-0.660306022188078,0.358359381951743,56
161,1.73021429185437,1.34914563582423,0.396443654692815,103
162,1.09862869205771,1.02309525232849,0.382627870564119,93
163,-1.16690302964179,-0.402334347266864,0.32230530499925,66
164,0.017682392761767,-0.403920129510944,0.307544268972433,67
165,-0.334840675295551,-0.193735049601237,0.361083277729578,67
166,-1.24267035767056,-0.429016278861349,0.348411903538471,63
167,-0.144649673655809,0.0842970310428598,0.3457848056281,75
168,0.258378832928092,0.17845833021257,0.350998388175718,78
169,-1.0494853087151,-1.10264945277637,0.349717866336373,44
170,0.761159199576025,0.787289459541271,0.380867385864817,88
171,0.454975038834175,0.47529404022093,0.364996214144881,84
172,-0.0277681428519926,-0.230553042547261,0.350899517956843,67
173,0.134618999914506,0.457383376459202,0.342146616725132,85
174,-1.79437658732342,-1.75942169325417,0.334472820783787,31
175,0.643609275206787,0.964623701673053,0.387696154573526,90
176,-1.21495505949791,-1.10723110099561,0.354172145344918,47
177,-0.259787118175089,0.170801640774622,0.354529669154182,79
178,1.0762205023864,0.583497643116525,0.379612470992008,88
179,1.22291771435984,0.966552668999966,0.379482219708142,97
180,0.463649575085259,1.11863865177081,0.375003078990484,99
181,1.48675223658396,1.75921277095516,0.417167892782271,108
182,-0.203225803768899,-0.602907378632785,0.331871052671374,60
183,-0.398748494347735,0.0821747354573767,0.355039975665562,75
184,-1.09347680203381,-0.973048447524503,0.339077403929466,47
185,0.668809462475011,1.06591682251194,0.38722924236922,94
186,0.60816821034744,0.686765876226901,0.375643865980348,88
187,0.305089382183349,-0.0787882195504982,0.320965997881917,72
188,0.651937331647,0.743697244581992,0.393034500416467,91
189,-0.348300209251981,-0.38274483938938,0.34193565091286,64
190,-0.174810116750394,0.164418597736616,0.346320288687332,78
191,-0.15114337288254,-0.0204379221260073,0.345536685556967,73
192,-0.819917535405267,-0.777465246506519,0.344163920276652,55
193,0.0235573390429763,0.187992982680126,0.337375373203517,83
194,0.100577577751626,0.657232901190728,0.365232001329419,86
195,-0.0241353080842805,-0.384030467105824,0.354349120943565,65
196,-1.84968268973167,-1.97309330943659,0.359209166828398,27
197,-0.4728136168197,-0.724706402641605,0.339740070621119,55
198,0.704771221321031,0.695446685689444,0.35534679211368,86
199,-0.184857240388099,-0.363162784548423,0.334503713606541,67
200,-0.386138905228767,-0.861772872000379,0.33776213510865,55
201,-0.85203372344132,-0.583611104639361,0.332951666067389,62
202,1.80830778778747,0.990045536085021,0.384490689138072,96
203,-0.0719592789998807,-0.606434498833412,0.323537417138691,57
204,-1.06964879908136,-0.930818603675477,0.346542384405634,53
205,-0.295816505034883,-0.552797358880578,0.340188962084985,60
206,-1.22752633738591,-1.21879492927707,0.337828760158753,40
207,0.103493561421434,0.422339111230676,0.382776636162258,83
208,-0.678064980398569,-0.255861466258201,0.334030489046212,66
209,-1.29299385502323,-1.48330099524243,0.350500325164988,39
210,0.704367317812644,0.552714756256836,0.362736284671299,84
211,1.40308617090338,1.15607037024761,0.388681393186654,98
212,0.874408837457967,0.537577566984589,0.374470105413851,83
213,0.310949363549886,-0.251113488185277,0.35256000150938,67
214,-1.08832448313409,-1.346992958804,0.331154382771915,40
215,0.00977445004366693,0.0631476055685476,0.348361055159124,75
216,0.0108337629726797,-0.187057308777678,0.352177063958009,68
217,1.40618789623216,1.10185481605087,0.405350506396983,92
218,-1.31166704135662,-1.76334530556578,0.368411266553019,34
219,-0.304181207000694,-0.145232127143755,0.361008157865554,70
220,-0.0888087351939137,-0.763479861117622,0.340511470996618,57
221,1.36103190535114,1.47958190971133,0.420388461987417,103
222,-2.06384868353568,-2.44640073566976,0.390990471487634,16
223,-1.31696802016063,-0.656232421487776,0.342731280654408,59
224,0.701994169413464,1.61328656918445,0.442755860629497,102
225,-0.838859964146846,-0.701518633718481,0.33216534666757,57
226,0.030885105939113,0.224670234923216,0.345660649157563,78
227,0.175231762428328,-0.194941949473489,0.326696240866715,66
228,-0.261953876474317,-0.298176050600069,0.341809387795855,63
229,0.544064603532985,0.603326332284472,0.352371176323904,92
230,0.940439845109171,0.925388253781213,0.380077101345149,94
231,-0.244948531246134,0.390118749028207,0.351300734747945,81
232,1.10492265690915,1.50580629942244,0.410716696624509,104
233,-0.088573448416004,-0.208596230617023,0.342987878697613,69
234,-1.08288767519992,-0.897892870216122,0.337328615396431,51
235,1.54184332817438,0.897860222985377,0.365318911472112,94
236,0.595959415886,1.0074008586815,0.369669948568512,98
237,-0.942591229845692,-0.86393337263962,0.338463673014771,54
238,-0.49333364527222,-0.502559324964211,0.332564743285315,63
239,2.0192701850488,1.32234331748132,0.38712783509632,102
240,0.142692864106082,-0.263324785859987,0.326984961499105,70
241,0.489480821249222,-0.240371313076219,0.341798881032174,69
242,0.395815036069775,0.135335762943329,0.342199876325266,79
243,-1.10557147517725,-0.280541010164868,0.332892931973531,68
244,1.2857793300701,0.873536791189566,0.391995885197744,93
245,-1.81067121404242,-1.261878634867,0.336429342152541,44
246,1.08444496062052,0.977197237334615,0.372103941886713,96
247,-0.584219076269097,-0.599020683072595,0.337688577261049,61
248,-0.542708510945914,-0.346855003087604,0.342231110471031,68
249,-1.79195132906687,-1.45373526368578,0.342158041518848,40
250,-0.149449402739514,0.224079094091641,0.3482065706009,80
251,1.47658075835822,1.26360302877369,0.394533438689,103
252,-0.28943939422118,-0.213901159846088,0.328681658615959,70
253,0.847510476172592,1.11840819929074,0.396537009586746,100
254,-2.4766871499424,-2.0414421358041,0.354257477406694,20
255,-0.36903728147369,-0.139896387145739,0.338901580087631,72
256,1.86752377522729,0.894671581591802,0.403348401798816,91
257,0.424226769276265,0.652090418348127,0.352462783324098,86
258,0.8365304798933,0.838558218743927,0.374996987618077,93
259,-0.503551702054407,-0.00818102996900813,0.349100725630172,71
260,1.18383321379628,1.5299728026911,0.397877804635409,104
261,-0.931890046657978,-0.751189891308593,0.336052965854322,54
262,0.838941695970548,1.08093468892421,0.397484755710527,97
263,-0.90265833657799,-0.712860521703154,0.325919092508029,55
264,1.15689433750125,0.720078937097123,0.368569691804987,95
265,-0.114774167559296,0.147125986611064,0.334762626190889,78
266,1.21813427979089,1.26680742965657,0.422310879237455,97
267,0.887202126001402,0.41705389868266,0.33993739799172,87
268,1.03071645894669,1.06784560037384,0.379482336917246,96
269,-1.21034052983523,-1.79900949217856,0.351117938014708,28
270,0.82432555894425,0.477649925569974,0.348553840313693,83
271,-0.133120042575462,-0.325267984478502,0.360738201851665,66
272,0.923875672225228,0.27321679602009,0.347786680667078,83
273,0.775104222182725,0.850252874278391,0.370209106363635,92
274,0.867635450812118,0.675215573817659,0.371654525596683,91
275,-1.156092583866,-1.29720220649382,0.359421673018246,44
276,0.435070063960846,0.16539594760517,0.343870377796207,79
277,-0.966467130812964,-0.621699815637724,0.330780169875478,54
278,-0.936546709542792,-0.876179784735731,0.339532253875687,51
279,0.0855151216529002,0.184783931068705,0.339741057253648,78
280,0.258479675839296,-0.462718753955711,0.326378233466346,60
281,0.241074290192816,0.896517722897187,0.386117613385333,93
282,-0.29902418176678,0.0567016477591918,0.359670028267206,77
283,-0.505179828286505,-0.508245211757788,0.326421336034589,59
284,-0.93067011960366,-0.840756533292349,0.346949727011216,57
285,-0.262611025189028,0.032291576460739,0.340073321841467,73
286,-0.407781394904491,-0.803032416257823,0.334897449608108,55
287,-1.40207266370627,-1.05352583525149,0.358447269997162,44
288,-1.36450305544306,-1.76113811544536,0.349911850029729,32
289,-0.597353374300451,-0.641749740586609,0.337366050782944,59
290,-0.133885653600545,0.540647838030799,0.357114756378445,86
291,0.540906185813698,1.16467746892311,0.398953485443547,100
292,-0.561837137672975,-0.0869794775554092,0.372692515318836,70
293,-0.071683737787739,0.17670749963116,0.348162936098168,82
294,-0.375077578700414,-0.780009608765784,0.33925846301703,56
295,-1.31325100975603,-0.973105072475203,0.371570690577593,49
296,-2.07337741587392,-2.46185032886202,0.417822519411037,18
297,0.640440371400883,0.189564092286327,0.364100052571199,78
298,-2.06445996841161,-1.93130291534497,0.361168440452163,30
299,-0.574196713919545,-1.13350756215256,0.341418145511668,47
300,-1.55934455394115,-1.32814345568343,0.325137245324685,40
301,-2.04854378278836,-2.14793904869288,0.385136421439671,26
302,0.225476197117079,0.888912180203058,0.37728067619619,93
303,-0.759610073276852,-1.25461398527676,0.344970143219019,45
304,0.817745632527131,0.849415202067539,0.363685494348056,92
305,0.940918691942878,0.868439848872214,0.385973703387087,91
306,-0.780686506682602,-0.9077044765696,0.337467443997874,54
307,-0.916665363472725,-0.0951724898161871,0.354980148789026,73
308,-1.2076584330818,-1.29860438070465,0.351449550028364,41
309,0.0175976045018912,0.209733574574132,0.332565142845718,78
310,-1.42584766127605,-1.52466946026048,0.349646166528909,36
311,-0.281679235579783,-0.373120479808469,0.34555346885643,64
312,-1.49935649577716,-1.42316916515375,0.348077836112664,39
313,0.276172533499275,0.201444343470223,0.36109436502952,79
314,0.5610757348348,0.191486981569408,0.345384426243395,78
315,-2.13220152645193,-1.92165268187342,0.354773211116928,27
316,0.67797694323301,1.03173764977495,0.380512065555159,95
317,-0.223790640144281,0.219537751279151,0.32862972413214,80
318,1.44819293456078,1.38882826811378,0.41655886953537,102
319,-0.0814155339690962,-0.431146506986782,0.319182434366668,64
320,-0.387565729109909,-0.0651118616495185,0.313238547654481,72
321,-1.20142349384815,-1.80731875816112,0.351893044404687,32
322,0.0538387327768733,0.0970028662096635,0.326327346870293,76
323,1.76983955191016,1.21892433315118,0.386956486024447,101
324,-1.10124442527491,-0.978292590756065,0.352549105209673,54
325,-1.15001949462233,-0.635810915169836,0.347108003920342,61
326,0.990692806509187,1.08677691691296,0.391657033832382,93
327,-1.38556261894825,-1.45260674470479,0.328527463448609,36
328,-1.48242739771203,-0.928030758162959,0.323636444602073,56
329,0.451498155580218,0.690277103740212,0.372371193535318,87
330,-0.384640405832401,0.292054073504484,0.354557253854249,79
331,-1.03724104954623,-1.10451453129066,0.357311214377938,49
332,0.665939375388536,0.258317307871752,0.346407822639711,81
333,2.22626515063058,1.46611127403966,0.412388638336435,103
334,-0.365741204210663,-0.693063031753361,0.333993680652631,57
335,0.382779310242163,0.285858647316781,0.361913633291113,82
336,-1.12958006778204,-0.45923464435951,0.333294851944086,61
337,0.760520321021168,0.0175159990927627,0.342604454555048,73
338,-0.0662391252603385,0.468588684219468,0.360616926943205,83
339,-0.642909365047564,-0.869084201376471,0.349047104172382,51
340,-0.195330213483512,-0.0370779138972378,0.319676879293563,73
341,-1.30257390661397,-0.774398365645629,0.334802488956968,54
342,2.12788282610735,1.89926532918728,0.463720214132216,108
343,-0.937486477761728,-0.924753294652801,0.330973082132503,52
344,0.338302788049317,0.0789716020132197,0.343634781388828,78
345,1.68215134145246,1.80791215405708,0.436721383583669,108
346,0.593363508099213,-0.326784404070511,0.340604908936395,71
347,1.52133250761077,1.35815452760433,0.422713324597374,100
348,0.541286862892429,0.677301476307542,0.363591282402347,91
349,-1.63113245548461,-1.70357446692236,0.340463251272419,34
350,-0.934670895464704,-0.597385191534215,0.33159763582877,57
351,0.541871313285176,-0.158074239142705,0.352245605425139,66
352,-1.09219147631977,-0.787690594180128,0.313837307164473,53
353,-0.776366300499536,-0.344609108698585,0.328006458902304,68
354,2.60539376158829,2.35866538509072,0.492295135952276,116
355,0.370533605979319,0.0866319634587584,0.340512965177736,72
356,1.60615645907995,2.45755369280293,0.50513751245466,118
357,-0.0269235287105217,-0.135304698792144,0.337650687697763,73
358,-0.205495321130504,-0.341718268675451,0.341963519175465,65
359,0.729979805438072,0.998666667454362,0.371260193137986,94
360,-0.632800689622387,-0.85039362165366,0.336995628793157,51
361,0.511581094253831,0.14488546377476,0.340338127612876,80
362,-1.01139686593942,-1.28374412150139,0.323204556259786,41
363,0.580524714950964,0.799604476869814,0.35473415799718,95
364,-0.53978099968103,-0.695782630264743,0.323421532553867,59
365,2.28895516893998,2.38357521082242,0.491691105854188,118
366,0.306349710141579,-0.0970476843882451,0.343106401071491,75
367,0.00715796711163615,-0.198367860921268,0.339142447328337,69
368,-0.456467298450057,-0.395661447427327,0.338747709005836,66
369,0.120668213321204,0.666431617504738,0.355604836056779,89
370,0.933934837438152,1.09272420637013,0.388163839989591,96
371,-1.07429283434025,-0.74430319070352,0.340222373690154,57
372,-0.126264382229453,-0.0604030858630454,0.341387602697622,73
373,0.590722312382486,0.261624925333032,0.350791536159641,81
374,-0.0510095753328082,-0.00208855030688554,0.355033517028769,76
375,0.280052587360228,0.192963056065373,0.362062492765679,79
376,0.0845609936095576,-0.109285945286395,0.349576357417028,69
377,-0.140148817567692,0.0477323118028791,0.345510082249111,78
378,-0.317062050086645,-0.544554991558322,0.342446406606006,66
379,-0.593583512398508,-1.04848273321357,0.335812819295783,49
380,-1.55579351575515,-1.45394981735545,0.353487875996817,38
381,-0.739727438589381,-1.18604349148071,0.317841147639033,40
382,-0.143701678226854,0.125412154467897,0.336655131625119,77
383,-1.98835170905991,-1.6571266381248,0.367792190893419,32
384,0.0460815547201831,-0.431790854718102,0.336733611391864,65
385,0.710468765433821,1.34321696765066,0.393694127628453,104
386,0.969553389184981,1.19513781411835,0.389954601549838,98
387,-1.23086432071784,-0.948091117248771,0.336087634917913,51
388,-0.818531176495195,-0.620503164170848,0.327320645555049,60
389,-2.44987474592454,-1.95891149723719,0.361103708544773,28
390,-0.257722549103283,-0.295750134833171,0.331789692244139,65
391,1.01770624885592,0.363043860504612,0.342513352752345,82
392,-0.416232376467551,-0.844790307385212,0.341083865577615,55
393,1.14449936617129,0.516818385329354,0.35179464944023,85
394,-1.63258797949895,-1.6417722407277,0.365682588703276,35
395,-0.56482170538398,-0.305765256158102,0.334414645576359,66
396,0.908261382143526,1.19559547556211,0.396736448735885,97
397,0.71908377546089,1.70582762089983,0.455457124996083,106
398,0.307611726914959,0.643416469596384,0.359629140825651,88
399,-0.982895725737645,-0.331302405497138,0.331687882573629,65
400,-0.473462253615785,-0.742180722851059,0.32838738152017,54
401,1.68302469006559,1.71398888500162,0.427088612274738,108
402,1.00307566641383,0.272075085028902,0.340956735978501,79
403,1.49376600489359,1.44818262718349,0.414204013027047,100
404,0.398128853909646,0.0414849539125729,0.34242412342108,72
405,1.02144581916963,1.55244169972755,0.424420075125203,103
406,-0.48422424317614,-0.759828618813492,0.336893140084461,58
407,2.95663970695035,1.98032063726626,0.455082026157278,111
408,-0.780672096329109,-0.235958446117036,0.345070384330813,70
409,0.0819788021953247,-0.321310316245231,0.330132872155712,65
410,-0.393976780621861,-0.557941276028675,0.346306372107575,60
411,0.467313547969893,0.753962406872089,0.36649780393617,90
412,-0.562526558306337,-0.322826297517019,0.326864210656416,69
413,-0.663247133995896,-0.994783431188794,0.33032457494428,51
414,0.761067744305789,0.937010328695944,0.379118422725585,94
415,0.371160802845896,0.897354371445113,0.374404555364643,94
416,1.12707572655021,1.55188877136118,0.409611565093063,104
417,-0.909150162622613,-0.450420459784817,0.353781205758197,64
418,-0.52797054636682,-0.419033014842314,0.349697624654778,66
419,-0.734304889010088,-0.873829776515779,0.343741253349099,54
420,0.585290238738592,0.927521423058303,0.388146060325942,93
421,-0.245000401996741,0.462998469969483,0.356124325453667,83
422,0.286054146490782,0.914306840544291,0.366182406638737,95
423,2.1839878736673,1.89251382817291,0.451118062021148,110
424,1.07027111698278,0.643469545397367,0.367437297854641,88
425,0.379410806042962,0.241422324002704,0.350698273608013,78
426,1.5263103879208,1.45590764569947,0.406922772551508,104
427,-0.965572424644378,-1.2373694246641,0.352307562776612,46
428,-0.236575494303085,-0.329762093824246,0.342563750792118,66
429,0.458353655235945,0.0563341188419778,0.341951609869156,75
430,0.00249410708297467,0.258615134859062,0.339668095750791,84
431,0.077356763395262,0.243211330378173,0.346404010339215,78
432,0.625519656160091,0.0611964324941262,0.334954667007833,74
433,-0.966707223144849,-1.80201646038072,0.363767156617978,30
434,-0.978282509231496,-0.691961254538333,0.353119192062253,58
435,0.169573331678741,0.312119265784756,0.364694854562052,83
436,1.0203313862788,0.885797937066756,0.383148319511535,94
437,2.00150985349415,2.22902178277902,0.505694172235101,112
438,-1.28108878663109,-1.55754023926279,0.349478109386432,33
439,2.63965218596401,1.52617392919648,0.418746107135316,105
440,0.566843374942454,0.809633944357541,0.383765544013863,91
441,-1.25203635442126,-1.05409383726324,0.346633852292385,46
442,0.912459826003306,0.875604627656406,0.366625027158797,93
443,1.14381055793305,0.732410368004987,0.359122935206803,91
444,-1.66339429917477,-1.69894541557074,0.353423161075018,33
445,0.607727518636116,-0.18031183786449,0.331913610469351,69
446,-1.56999272105786,-1.73194189020117,0.346853185401197,31
447,0.433997901323167,0.144933351947154,0.329211798615326,78
448,1.17523530850362,1.00420812945369,0.380642992964063,93
449,0.99332777097805,0.882202009970291,0.368292474366342,88
450,-0.417291380624089,-0.2361153651004,0.340028653935736,68
451,0.34980705233669,0.436775800441711,0.370574997341935,86
452,0.758292842707797,0.599861626444703,0.366125934853325,91
453,-1.99061588620595,-2.00403804751622,0.380021169593428,28
454,0.55771396965542,0.624049995430469,0.346264694121976,86
455,-0.440798762590838,-0.462129564633658,0.35166314388018,60
456,-0.688448424384024,-1.02749087354707,0.339561865028938,51
457,-0.970575143244881,-0.829246631636987,0.34707328675982,54
458,0.371440449985003,0.105615167846277,0.363450025906196,76
459,-0.207921043708085,0.212460874407255,0.356655738784402,79
460,1.13909586056149,0.728354972246884,0.374834816213533,90
461,-1.86843526594192,-1.15022556553501,0.327700569316177,47
462,-0.174134547187493,-0.396582737396302,0.316743934408264,62
463,-0.198801796642618,-0.523343831254731,0.331748977607647,65
464,0.725555782354135,0.419844207576726,0.353387661029805,81
465,-0.34438066425907,-0.357009355701475,0.324168262405192,67
466,0.566613922005178,-0.366765527712798,0.31833790851861,67
467,0.417995209974079,-0.182733211226651,0.351767067815083,68
468,0.2803943238763,0.844287018198277,0.369894899715673,92
469,0.0566427939347493,0.0773056536381352,0.341049855270167,78
470,-0.146403648205674,-0.472556727326625,0.327810884676874,61
471,0.504649942525607,0.873862961242369,0.377377185394916,94
472,1.44636898059793,2.19214847803578,0.477265405222628,113
473,1.26113570945155,0.693635970812392,0.377125733453009,87
474,1.80922792426673,1.99880854181571,0.473863000559337,110
475,-1.25143964332603,-0.896674187745108,0.353193963647643,53
476,-0.446815854741721,-0.398190338081126,0.344919065811339,61
477,0.363065014770403,0.372679262416032,0.351856493137136,80
478,0.0668583805255554,0.0660267398362814,0.355960007967396,73
479,-0.0993022343142938,0.530888191561922,0.35655033359075,84
480,0.594527409178558,1.17329725604869,0.389971732214368,96
481,0.472906458934109,0.436594496176282,0.351558487852419,84
482,-0.452141646836396,-0.212554533694053,0.344755348642901,67
483,-1.19215416583439,-1.10851738981433,0.334660863849518,45
484,2.20365070954047,1.7348079945781,0.442283752804653,107
485,-0.50313474970847,-0.583097360188482,0.345418599502227,60
486,-0.697534490553454,-1.04097511751786,0.372666544679955,48
487,-1.43998054938056,-1.74130847986332,0.352666952265183,27
488,0.016185458243455,-0.17092307508829,0.341799641876406,69
489,-0.0577958487101904,0.0615209141362123,0.330596540450897,69
490,1.42052405073729,1.53896948484909,0.396270654070963,109
491,1.04530424302414,0.429812431579277,0.35671359401339,86
492,-0.556677149160962,0.106760811136112,0.345470948074688,78
493,0.964536522866588,1.42594856349107,0.425116372953262,100
494,-0.203199341954906,-0.576841298486493,0.332360515171051,57
495,0.598399533637843,0.86354442206307,0.391769623748492,91
496,0.76293634940909,0.664571660574885,0.367988061549513,86
497,1.36209074551125,1.22986422721694,0.399819110398025,97
498,0.0397844429280151,-0.408531830087547,0.349876407288565,64
499,1.19829050552951,1.64724498107422,0.43906267187139,105
500,-1.12709522920106,-1.15094670914456,0.352070104643223,48
501,1.10184857774238,0.875154789918219,0.36372575558666,95
502,-0.65718286473352,-0.194065175081384,0.325732467475343,65
503,-0.178098011943769,0.054553737734569,0.356090674940858,77
504,0.100351127517623,-0.0159788988952427,0.340514862647834,75
505,-0.290291211864607,-0.0903922095687322,0.334230259223842,75
506,-0.460162633667448,-0.936480896463006,0.334352440425387,53
507,0.641681846903102,0.396478180880497,0.346540352866405,83
508,0.563412950838652,0.985699607948867,0.389175270463935,94
509,-1.51204163378685,-1.29012866136592,0.323961368809739,45
510,0.583435596995101,0.205988882294436,0.339171886261315,79
511,0.257816779044555,0.0659214214065646,0.339648781179016,76
512,-0.832327507196839,-0.215486966402735,0.346734452313865,67
513,0.988056052236714,0.886575115837113,0.393248254774064,95
514,-0.0879614715110405,-0.355042896337631,0.344061294141694,65
515,-0.109199610746211,-0.433324942600877,0.336449561508497,62
516,-0.295422950770888,0.204079223286327,0.341916472688089,80
517,-0.158877020645469,-0.130398072393771,0.33250414975978,70
518,0.528200695557235,0.892078715362457,0.376881171942172,93
519,-0.615461764621124,-0.784739704914353,0.330462461156008,55
520,0.473822271966163,0.522940703220654,0.370849258149447,86
521,0.887707546030627,0.454131954074997,0.349846924839341,85
522,0.302783738700202,-0.610730923380917,0.343039323348296,61
523,0.746944857630063,0.394620517422869,0.364134790218959,85
524,0.226696580462197,0.303593656780848,0.360695694898888,81
525,-0.378640257675386,0.00520819843977662,0.341714740591454,73
526,0.431034730791946,0.938631161596364,0.35550522346488,95
527,0.466522963097363,0.311144857289373,0.358056783051439,76
528,1.27245798394576,0.70320078800824,0.375997099694059,87
529,0.981749617724405,1.32771688396815,0.398587389087932,99
530,-0.270923485335283,0.0749429699542584,0.338160844637156,76
531,-0.0378058817319308,0.0321676408523275,0.337586172365947,71
532,-0.0163740102152738,-0.28788492240615,0.323462963686406,68
533,-0.23558924766125,-0.185909261286377,0.320982538200724,68
534,-0.616033626300906,-1.02699787021438,0.346337606659909,49
535,0.0781840712318693,-0.301011698234235,0.351146278119075,67
536,0.564764160221656,0.147729688915034,0.357804600050037,80
537,-1.33149491198985,-0.530390057029713,0.324837057393548,56
538,1.16182760095448,0.517587875159181,0.361823266614791,87
539,-0.994095742214796,-1.23846731707779,0.341651298148013,46
540,1.65998520312034,1.27522530886139,0.392811288079303,98
541,-0.291187842429253,0.0678738402060633,0.340129033962402,77
542,-0.174190728539353,0.308420625064928,0.353384564931263,83
543,-0.225315281117083,-0.500031602142259,0.329384919823611,62
544,2.76146252923421,2.50031432602941,0.533497330692324,116
545,-0.303926831349303,-0.0486649256845592,0.3512631483471,74
546,-0.779887395681109,-0.155684348496916,0.329882547032362,69
547,-1.73434816241284,-1.25651358992729,0.345776009975538,43
548,-0.078490386304573,-0.629789427828162,0.338228956287638,59
549,-0.786584241771349,-0.341819715307716,0.338882918073697,68
550,-1.0384204732334,-0.629698662417154,0.326188786454511,65
551,0.738244030747299,0.83141209223465,0.375201521451754,91
552,0.429302171560718,0.205302874147083,0.34683073702117,78
553,0.933616437256186,0.28164030652496,0.345142847940984,79
554,-0.779268018727113,-1.19574999594366,0.329489033069055,48
555,-0.429105510433074,-0.341321890306937,0.325010109686469,64
556,-0.559967876083634,-0.402296264454497,0.336274732503707,65
557,-0.699522763061968,-0.52130158565716,0.336157649568581,62
558,0.0756335131916816,0.214961800944628,0.347253144889351,81
559,-0.790911056984431,-0.486402864510539,0.339486504617819,62
560,-1.31729282434757,-1.30153560908006,0.342843367356653,41
561,0.289269822507775,0.522345177562341,0.358067347804566,87
562,-0.0387058085157865,0.0547257336760293,0.365756575941201,72
563,0.666149680041855,1.04348535885595,0.394245688207256,94
564,0.665933676128918,1.16273597800734,0.390225894238821,99
565,1.43482757707459,2.10974163253365,0.482260771777391,110
566,0.123286372816826,0.210867421580078,0.34171379647672,80
567,0.608741208262771,0.714759316279158,0.366051135123457,87
568,-2.55593069556925,-1.87709665643891,0.366084097228106,30
569,-0.445458165272812,-0.138783927730599,0.334978833622518,69
570,-1.13156865754585,-0.611899287456936,0.344836748597998,60
571,-0.844289779345332,-0.98733185871322,0.345931071719475,51
572,0.828352309321336,0.90295576094529,0.364855951953754,96
573,-0.545456652869732,-0.591424368613322,0.334446482660487,55
574,0.313278885365753,0.414977155824236,0.357574623277723,86
575,-0.463108069907509,-0.419491618181539,0.362348379278666,63
576,0.649999910913191,0.280374194642765,0.353512019619145,80
577,0.321432543127375,0.210841729693324,0.357805350174487,79
578,-1.23785553817619,-1.28268659443432,0.330243915155042,43
579,-1.41282869917113,-2.03664181612062,0.375734965868625,27
580,-1.81730749982007,-2.10412591006648,0.383675918559881,26
581,-1.6205027022617,-1.22246446965685,0.33435466388494,41
582,-0.399624634989616,0.0268498545023653,0.322824393640585,74
583,0.0134046606004794,0.340828475697775,0.367445818657296,81
584,1.03327828986091,1.10127132484374,0.387159418965893,97
585,1.20758252301676,0.943091143456773,0.382862547688569,92
586,-1.0063647530936,-0.822884009560278,0.338244059613072,53
587,-0.0135793506628087,0.200308961347851,0.337684938989223,84
588,-0.95184885506732,-0.621473295700477,0.336140709548786,55
589,1.03351544861534,0.477103115058354,0.349724200662064,83
590,-1.52244645860722,-1.07851867868912,0.343731695080258,45
591,0.792110626393806,0.525231806016995,0.345453519679162,87
592,-0.995107627313068,-1.18849004199973,0.332582184471673,48
593,-0.412812754479869,-0.486640405463611,0.341061496689219,63
594,-0.663281151574012,-0.486969551586526,0.336841395819454,62
595,-0.474634974029999,-0.429587736718695,0.347693634289168,61
596,-0.249401300983862,-0.207523080025124,0.332497329134008,68
597,0.531995560742988,0.271999173999937,0.367621504781136,78
598,-0.418001222010622,-0.277266483476891,0.344438228232552,65
599,-1.01940533712071,-0.788696215826473,0.331705372792268,57
600,1.2008642411189,0.935313826585068,0.37267687233655,98
601,-0.989428894326587,-0.957911082546668,0.335568290563855,46
602,-0.979770513862481,-0.863420620750711,0.347729709072379,52
603,-0.0515624435890971,0.503981265720997,0.354017755774042,87
604,0.0419440446097554,0.0403060685485059,0.343986076683131,76
605,-0.478148044070706,-0.245406582193198,0.347361985002443,71
606,-1.81284145198346,-2.08423438237655,0.359566688904738,23
607,0.0850194314965619,0.357823192748197,0.340229282098647,86
608,-0.393620906138688,-0.877108385991008,0.332745938760501,57
609,-0.759340602176244,-0.900761583281367,0.33503899918786,53
610,-1.09289116061863,-1.11483061228239,0.364044309460891,47
611,-1.10837942484587,-1.37660405763231,0.348086067613763,47
612,-0.564977280424427,-0.561229529018248,0.343095047703536,60
613,-0.560919901407716,-0.383722375797118,0.336314288408883,63
614,1.17322227072797,1.40853953662261,0.412682006332318,105
615,-1.71841108020395,-1.97768378023621,0.356282645729855,26
616,0.605012179571607,0.609724311394777,0.363130227704519,87
617,0.140816345870314,1.06006972920482,0.378678565381558,97
618,0.753348105028,0.157857055805544,0.344619311675859,77
619,-0.112000764275226,-0.17882636200176,0.338727213804886,68
620,0.0954036086293874,-0.0245922776458215,0.358897448845807,70
621,0.150718236430971,0.0553093580913033,0.339318315861834,77
622,0.429159212096926,-0.0395462417666301,0.337077597928276,71
623,0.718753399564974,0.974971799984564,0.379091878289729,92
624,1.26592269664031,1.60487298384098,0.430981823228291,106
625,1.06508088866319,1.02357439045206,0.387311617880684,94
626,-1.45012535915905,-1.28319860597417,0.34126961910033,44
627,-0.439977310239154,0.602023074922245,0.359972892024863,90
628,0.807510980349944,0.796825284656663,0.368083579331853,91
629,-0.807334982769482,-1.28570365441727,0.342135459442946,41
630,-1.90961914824711,-1.31201165050789,0.343505839013495,43
631,0.383298934247976,0.508023615853755,0.375957215749245,89
632,-1.25088613161027,-0.826561798894505,0.319400399554053,50
633,1.03267260642077,2.05863490122943,0.485839302756798,111
634,0.880359769223239,0.789484491821398,0.352879339115735,93
635,1.38772721536724,1.51036585097294,0.41658495379297,103
636,0.23236571500599,-0.163922207046844,0.349811081659727,71
637,-0.199227043179423,-0.351111367568837,0.326746366151046,64
638,0.280848458372968,-0.0641547155576034,0.324984021732536,71
639,-1.19868081143807,-1.28027375900788,0.32942112119944,41
640,-0.130938483376193,-0.512703322999337,0.353239272811264,65
641,0.627829257229258,0.876452226757563,0.385177983132386,91
642,-1.52535264929158,-1.49862080935419,0.354643559423601,37
643,-0.413715816072726,-0.748031170934941,0.334680888198576,53
644,-1.73066815877242,-1.57234277516444,0.34746457505268,32
645,-0.933266081741556,-0.985097470202753,0.328237043983092,50
646,1.54042948985271,1.31104163510656,0.406605687114535,100
647,-0.0849175381364299,0.123998805687768,0.341546125683708,77
648,0.808594222714557,0.595310136063947,0.359548233567377,87
649,-0.598745343368227,-0.477977867449904,0.335755076422829,63
650,-0.0400743005983944,-0.014279126424284,0.346313967624318,73
651,0.163198946950707,0.530908417175354,0.356652399141906,88
652,0.0693180134882176,-0.0582673211697137,0.359710585336785,72
653,-1.14242881824135,-0.749216674737703,0.345812604021661,55
654,-0.462072828277697,-0.680410412541217,0.314954500230917,56
655,0.386293987398211,0.310999313002954,0.34935254994524,81
656,0.372424630972559,-0.0577660162786794,0.332384560131553,74
657,-0.257940717403489,-0.289577354553422,0.343908411370154,69
658,-0.0104735044361712,0.437886952887999,0.352976176203564,82
659,0.43688996074962,0.209966662822638,0.334919150982115,77
660,0.63844342054187,0.644004956756281,0.365151276950668,92
661,1.44750712084524,1.67440098712495,0.443432966449317,103
662,0.966537683159734,1.0743109144459,0.386202124285639,97
663,-0.437668363127594,-0.562277695117978,0.346989083587079,62
664,0.840357418464439,0.308424438856366,0.359439410864575,84
665,-0.78994073370014,-0.740524053408236,0.340205870599905,53
666,-0.536957962577175,-1.25407076781393,0.341995440426168,43
667,1.30680891985975,0.888982967039361,0.394441199270994,91
668,1.76271091511143,1.19768837171132,0.385395942064836,102
669,1.18173498119613,1.57382183294913,0.429372259255201,106
670,-0.515205849992474,-0.404021507184711,0.334341764753844,69
671,-0.135996184325734,-0.390222920009447,0.32626112701996,64
672,1.07332285965381,0.962193292232442,0.377067483630592,96
673,-0.202704742200224,0.11289545249182,0.350667290430784,76
674,-0.771882983037962,-0.604077981894174,0.330309503176068,57
675,1.26048311572637,0.842064049266974,0.368509505887451,98
676,0.725197704874971,1.18940497961161,0.372990591853131,101
677,0.776253496888927,1.25288985237765,0.385185621525652,103
678,-1.08284399111075,-1.07854770591648,0.321778306861316,43
679,-1.3061641754013,-0.692304205559503,0.318856495249295,53
680,-1.16506102431547,-0.532367257351821,0.339705200510875,59
681,-1.76290755263624,-1.50331092020169,0.350558405789551,36
682,-0.08826797384164,0.134425322885632,0.343272424429947,76
683,0.642896616001326,0.160844370643886,0.343110215336732,78
684,1.05895120617875,1.19665775306968,0.395670357427018,100
685,-1.94892879472326,-1.97974673102169,0.372103410552896,32
686,1.05681015733425,1.61682443167802,0.42803239311018,106
687,-0.683674060295976,-0.648458111952237,0.329434018203684,60
688,-0.456075173953831,-0.509244270427291,0.336019954299204,61
689,-0.785881264622451,-0.490510404111627,0.327122787213687,64
690,0.390092059752526,-0.291883895588889,0.356710009019527,67
691,0.568334278811647,0.401482843801009,0.34456299322812,83
692,-0.0698325107311976,-0.431901734186827,0.326189568030983,63
693,-0.415434987758204,-0.162565876580364,0.321941274977592,72
694,-0.537417536548642,-0.708970379014008,0.33230967158829,59
695,-0.741037516964456,-0.163914633560507,0.352348609167659,70
696,1.57265384029518,1.74645472168432,0.430250309408675,108
697,-0.972842816036108,-0.97362831762644,0.337008220046501,54
698,-0.519764463303239,-0.348380513155442,0.361870237675659,65
699,1.80852468453138,1.45825847914519,0.442869339842995,102
700,-0.0287951290974034,0.457424700699326,0.354210147725215,83
701,1.44719747080864,1.72361211291897,0.428145583349799,110
702,-0.759251522261052,-1.25237670230761,0.356433497335635,44
703,0.913064168834348,0.782559809556641,0.351537607666929,92
704,-0.14447278513418,-0.625841586870742,0.356492253258726,61
705,-0.510454803383823,0.131475642598064,0.343108315132501,78
706,0.362793641670553,0.271361755694149,0.356092899692731,84
707,-0.711863716119947,-0.468575531621662,0.334153685783292,65
708,-0.152797256968315,-0.0208028229271275,0.328490951486959,75
709,1.31826885530235,1.26814864180742,0.401720071325241,101
710,2.18610712660198,2.04683973531694,0.456455814759599,112
711,-0.461682458433787,-0.538019064588629,0.336078806997648,61
712,0.151543017719521,0.364521191610025,0.355130154835276,81
713,0.298797676710117,0.638537697028729,0.356233566655064,94
714,0.245927754769831,0.561980022847238,0.365038003731189,86
715,-0.321035083416025,-0.221097142660537,0.327394065835398,67
716,0.646154084792013,0.94940050405295,0.374685093120073,90
717,-0.29954512075144,-0.39817560087808,0.32843664016461,66
718,0.592060820568317,0.108506159069621,0.359183285448412,75
719,0.457263372029699,0.814315111965048,0.38037861661951,92
720,1.21636388114403,1.2788777963663,0.395457827844093,99
721,-0.116189787713529,-0.0182404606523025,0.34401086062643,74
722,0.833789902000168,0.727148526571849,0.3548472438445,88
723,1.33795275863067,1.17087895868133,0.389649858605278,102
724,1.5559244987222,1.47411920804351,0.417233931517327,104
725,-1.80655709229306,-1.86303414899245,0.375393632159161,34
726,1.53880533810577,1.5662221734278,0.417625485428963,106
727,0.914295250366341,0.687666755994283,0.360688321111381,92
728,1.23256819858796,1.10859784288955,0.39669605451931,94
729,0.391485619050096,0.341532865799644,0.355934687908737,80
730,-1.00509271395669,-1.31392438422734,0.356960135500137,46
731,-0.178989019740989,-0.047555909941951,0.338222466385567,73
732,-1.39266631841968,-1.62215659098061,0.346094775821225,37
733,-0.644157594304741,-0.0488402557451214,0.343626286774197,76
734,-1.60676848845015,-1.87070379704631,0.344735652138034,31
735,-1.70033215221228,-1.6542425631783,0.353208202574369,33
736,-0.0238326139635876,0.57391628990677,0.349565013969611,88
737,-1.43926169866066,-0.945238977388411,0.332308100396252,53
738,-1.6973150429843,-1.4352085698905,0.365688895766917,44
739,-0.751743422231316,-0.746042349455492,0.334449328102901,55
740,0.231897615576094,-0.0606587950241812,0.351395064546815,72
741,0.765954374487409,0.517337354527168,0.364952641714022,83
742,2.20683858418769,1.24042736427903,0.386279866135831,97
743,0.108668600831844,0.308934741967006,0.354643898613763,76
744,-1.13916039007805,-1.25713548944631,0.340612211555048,43
745,0.761368520324601,1.01801344917585,0.373252136787565,97
746,-0.430984194713602,0.160588220047985,0.350035945512903,76
747,-1.42081748167233,-1.76055165278087,0.357721380758249,31
748,0.458390518531187,0.857494843885613,0.385564508734784,89
749,0.620448282563051,0.438391144403249,0.361788225849512,84
750,-0.504808598314821,0.406005272845022,0.359673433005015,80
751,0.145978795085939,-0.344347177438842,0.333261029381233,68
752,-2.70288963176193,-2.24978856224857,0.394504691957857,26
753,0.935731881039686,0.561037762688699,0.366783231239438,86
754,-0.771335480547791,-0.890909440833819,0.350783334471134,54
755,1.01324208448056,1.31609586169408,0.392080267086382,101
756,0.156907694794726,0.400948102267612,0.34416082458004,83
757,-1.20915267892386,-1.6876045550352,0.350467040829878,32
758,0.346256352858238,0.382339152451107,0.359684065367128,87
759,2.37231580223305,2.21784230214371,0.473904935709438,116
760,-0.492629269408602,-0.502716934709006,0.346922326037142,63
761,0.288694175392924,0.655386733945556,0.367120544500313,89
762,-1.00737187611548,-1.08319618064473,0.330371921554577,50
763,0.0295114093387928,0.0981329778947159,0.345872552078074,78
764,-0.219316700101001,0.0815149793266001,0.357948018118325,73
765,-1.4652736080431,-0.807180392385023,0.33075514789271,55
766,1.91425585678125,1.45339041464424,0.413933071544176,104
767,-0.694734018065099,-0.354429667878369,0.343062473351772,68
768,-0.40215935384886,-0.40362086897878,0.331418972068271,60
769,-0.493269456740138,-0.674243919641026,0.343256480089515,58
770,0.461985305087406,0.832068809985842,0.365972181074938,94
771,0.501580504788006,0.469750246013844,0.372051178958939,87
772,1.38153443776175,0.847273713122151,0.387326381574293,93
773,0.758916925156881,1.2015104710735,0.376409599980771,99
774,-0.324461868025354,-0.249826745037487,0.360253802012798,69
775,0.326415557916531,0.0213712782651178,0.356681360629101,73
776,-0.373380345542946,-0.173268256223424,0.34578930426056,72
777,0.300663193971366,0.608228547380969,0.370274117174535,87
778,-0.224417102901546,-0.0323281210442418,0.329767654233004,75
779,-0.710064800683781,-1.14509084546328,0.348185782973297,48
780,0.536109940314036,0.758520210442396,0.362166429975138,89
781,0.519297312749971,0.465382071688217,0.355534086250214,87
782,-0.418425587108067,0.0309420800412416,0.332462129605695,77
783,0.44281909010525,0.561753393852793,0.373815314300942,86
784,0.928142546277145,0.520470922254841,0.357357602756519,84
785,0.5642520577728,0.34631237116272,0.350721628444042,80
786,-0.842550329555283,-0.981112338690193,0.320039229298242,49
787,1.19853708911223,1.10695814109425,0.386298974649433,95
788,-0.215961926394604,0.0232275840830832,0.330711157118031,78
789,-0.116279205289724,0.511108175922537,0.351868304024611,87
790,1.44534076966422,0.837770397127545,0.399888385945768,90
791,0.0221813058753465,-0.371017588056059,0.337383984423001,65
792,-1.02682162348366,-0.937942432109253,0.335679707876116,56
793,-2.3675609124109,-1.98791602746024,0.35651075666408,30
794,-1.60792958965194,-1.597764139187,0.34949986877983,36
795,1.46077190598916,0.999748759965107,0.358815049696643,100
796,-0.405318729458911,-0.742943540300721,0.347240979351301,56
797,-0.47745395486168,-0.847365835498949,0.360663018929078,56
798,-0.378226332905534,-0.233302762869469,0.339993778123988,68
799,0.304640762626748,0.437583160988037,0.358554897649921,84
800,0.0954919442090893,0.381706779804107,0.342176239583362,83
801,0.213388442571805,0.542171726971697,0.38500265876808,82
802,-0.747994094198092,-0.331789608593898,0.337620311718927,65
803,-0.942697770829103,-0.847564879421247,0.338469984898542,58
804,1.47382564927578,2.11744632547112,0.479991142027219,112
805,-0.957434333234201,-0.698242809106226,0.348489201536185,56
806,-2.52383495240876,-2.17313098824022,0.37088204660554,21
807,-2.22939412623907,-1.93770088869338,0.351575099830834,28
808,0.440392819858751,0.605700499272244,0.376323612483048,87
809,1.02265094691852,0.262436842046543,0.340905447483575,82
810,-0.779482251097258,-0.908497012486476,0.339356809924841,54
811,0.441843205495698,0.454817133480412,0.354580693469925,88
812,1.51069164852834,1.11559055930927,0.395970605798819,96
813,0.0216427436966345,0.225741996412693,0.352861423327138,78
814,0.494562166802207,0.624113124287742,0.369487109028055,87
815,-1.73653135451959,-1.47583985368433,0.358655969310214,42
816,-0.182857280406138,0.351140379105866,0.364778237716641,79
817,1.05067357542347,0.512828710754986,0.35228461617115,85
818,2.18654382463595,1.98938569400473,0.447264591314487,113
819,0.772266222077325,0.364173845750429,0.354626520577269,77
820,0.190720584458344,-0.0440718039408362,0.353176991528581,73
821,0.891162262995075,1.09998997039083,0.387932430424424,98
822,-1.10813126999278,-1.43446436098061,0.339678399333453,38
823,-0.281250720594356,-0.122892683153629,0.335010699021236,69
824,2.53473987121357,2.09554768617116,0.475041749872149,113
825,0.334822012725774,0.107786043871396,0.350106514405573,76
826,-1.43254673614752,-1.33976146573762,0.361379494109379,41
827,1.36173349380579,1.30137029700239,0.403974643286436,99
828,0.653297926421464,0.318961910860489,0.342024410722835,82
829,1.29434739578837,0.909431989852734,0.371891474936296,93
830,-1.57110291450191,-1.05881253100866,0.339308830971777,51
831,0.381790896049792,0.745550748433006,0.365331196987711,94
832,0.588114667363474,0.722482168518949,0.344951403726175,90
833,0.493453733535114,0.487570014327596,0.358629774022282,84
834,1.66388017256358,1.52227279919306,0.411645805800174,105
835,0.425762875428816,0.29037536940327,0.352388995483001,83
836,-0.681191965470777,-0.657818326883751,0.341366424728028,57
837,-1.3735149782077,-1.82125247925209,0.370730599911687,29
838,1.21952789867103,1.38147360252151,0.400900967165286,102
839,-0.215438142151743,-0.463447328390999,0.332962271173301,60
840,0.471055719690194,0.130871918305528,0.346802486987705,77
841,-0.549321075567193,-0.172392443153284,0.334213523926569,69
842,0.598457942481374,0.0668793396097532,0.342766315028774,74
843,0.126713126636753,0.0254708979749529,0.356705522560867,77
844,0.689899350425839,0.925892421815045,0.381377768692731,93
845,-2.0736398272995,-1.94381523659737,0.376310730611747,27
846,-1.61413560008492,-1.98064307486706,0.362332105233876,27
847,-0.43972193558317,0.162473921624087,0.344240637464431,81
848,0.331698414183917,0.0475269420884637,0.33318224498838,78
849,0.69809897656424,0.441899000281165,0.348390759635526,83
850,-0.0249248979368218,-0.606568034163272,0.321133229514529,62
851,0.74472150775342,0.498837216114352,0.350996169795062,84
852,-0.442231080611438,-0.988658395652963,0.353482309928946,50
853,1.04370623344778,0.946283950492128,0.378316714866055,94
854,0.923600026948106,0.869774181049922,0.373665735909096,91
855,1.20663641391519,1.32673075345026,0.408821377094291,99
856,-1.00339776952203,-0.995898850577869,0.338437371366096,49
857,0.639404276868563,0.323490090510397,0.342118087207013,82
858,1.03839257450169,0.624414927352874,0.360735204660879,85
859,-1.38428670081066,-0.993059709207266,0.355223861923342,48
860,-0.565416072405692,-0.82386757193398,0.327984228784983,56
861,-0.00976452846406018,-0.396826180207059,0.336210436403308,66
862,0.6624424656774,0.984009670467393,0.387652813577955,93
863,1.28961883709576,0.514354950361771,0.366146121906956,84
864,-0.53171614204457,-0.251389229980554,0.328666213878736,69
865,-0.24058142123938,0.2033106856839,0.345139141165063,79
866,-0.78586086408809,-0.481468225575923,0.351518605854661,59
867,0.344924019540822,0.311654540755081,0.33952410161116,85
868,-0.223227427206784,0.35653815100181,0.357914823791676,80
869,1.23187871444697,1.12854269065027,0.384587656745015,100
870,-1.04963173327087,-0.402786006022508,0.329840449641001,64
871,1.13635329098654,0.856491648261089,0.388084036577533,89
872,-1.29501197463013,-0.795625074205375,0.31973002752218,51
873,0.268320632881135,0.537308533050774,0.370544851409627,85
874,-1.14287707825349,-1.42607378020479,0.342282012918446,41
875,2.04562211303844,2.18351707047601,0.488218655010668,113
876,0.0405942709050974,-0.0685910729842858,0.352472052609222,71
877,-1.80670857425751,-1.65824090732218,0.357925755862838,33
878,-0.929897998714606,-1.0085127840439,0.330797227979834,51
879,-0.272876946667799,0.0951073063403508,0.354125781537241,72
880,-0.822694262668564,-1.34391213985314,0.33898285388542,42
881,0.282791323756904,0.242355226372344,0.357234395691451,82
882,-1.51999841261852,-0.462524786687971,0.335986659542736,62
883,-0.0860410767231859,-0.111922520609075,0.352347884089691,69
884,-1.56784332336945,-1.10261264673513,0.338249914265413,47
885,-1.52231803183155,-1.54837419433987,0.361181905520463,37
886,0.355133836461636,0.0725398921064134,0.337125996042129,72
887,1.98877179178997,2.10515923253298,0.452842167180555,113
888,-0.00344180678207559,0.0798732392485002,0.32625067552145,76
889,-0.407416427060748,-0.892163695470226,0.35118005833543,57
890,0.0144639555628803,-0.132699190615381,0.352505397166781,73
891,-1.19031223968096,-1.28274163562786,0.352689809059481,43
892,0.485795894701797,1.01491633573506,0.371918810487076,97
893,-0.398420056376271,-0.190703373712423,0.340169454397846,69
894,-0.265466481704605,-0.243170698834268,0.353064424694304,69
895,-0.0919056855546632,-0.321761143394085,0.328365157266489,64
896,0.748243008907816,0.153538845120971,0.343718506311511,77
897,-0.580497992548862,-0.681870530911007,0.345997503816765,57
898,-0.202765108227115,-0.0691027668516924,0.350930706107579,73
899,0.100936398406552,0.0759149866561902,0.359373210633322,71
900,-1.78494095710895,-1.78498960257508,0.364256292175839,32
901,-0.827806189784701,-0.92339766174031,0.337600294998565,50
902,0.503464962919501,0.931279159216048,0.377928010019397,93
903,0.299829879035804,0.122509254668743,0.361574589029339,77
904,-0.0845686311442656,0.569834399772094,0.356470219157805,89
905,1.0993226295121,0.857995265319295,0.374758799235322,92
906,0.00405839465920017,0.252423549187861,0.340163788991253,82
907,1.43861357329542,0.77083921133773,0.386687756816162,91
908,1.31358589140667,1.00915926963601,0.419395333735199,92
909,-0.413934474147204,-1.15375913773321,0.340732829786131,46
910,-0.667100732030942,-0.497417591980005,0.344333153133747,59
911,-0.475567659333246,-0.326019759435114,0.339981200960041,67
912,1.25319916196586,0.662375619820779,0.380173641639844,94
913,1.05663659336209,1.21667154812437,0.394768970360606,101
914,0.347081163899894,-0.0432182858866159,0.345882988262888,71
915,0.488775033134256,0.542272524524595,0.369055055250787,88
916,0.870947583049153,0.863144131745704,0.383676162368417,89
917,-0.19688940445513,0.0904132240898172,0.344504512808316,78
918,1.00096558041205,0.683508124762724,0.373838411291543,88
919,0.923934744465266,0.279258634200033,0.339914613547295,81
920,-0.445812836915271,-0.743603990536373,0.345468938414903,58
921,0.238767822167692,0.0786711461481188,0.33616556204042,76
922,0.174462236300371,-0.277518918969633,0.343121310027646,68
923,-1.31554770370354,-0.911482416641825,0.329724189975498,54
924,-1.23709956673303,-0.945242129324772,0.317072654118337,50
925,1.90512697756343,1.42056528337565,0.409224680555281,105
926,-0.499670700718831,-0.409560681949916,0.335108592416794,64
927,-2.00792665746964,-1.44892998727897,0.344046426293832,38
928,-0.562941345107155,-0.466601353538609,0.339370772838621,61
929,2.43496475509246,1.53913672280354,0.415941550228899,105
930,0.390868667334835,0.284516331729222,0.349183352358347,85
931,-0.880152899863894,-1.04000358568649,0.344329501952992,48
932,0.894210857893609,1.24565201024748,0.395558649978464,102
933,0.407598511105891,0.505849271450636,0.364908680459983,87
934,-0.436059892573888,-0.623013086631569,0.347216397083172,57
935,-2.56958035307013,-1.96320579209688,0.36469562322858,27
936,-0.671840848127956,-0.930554112109495,0.325267389777877,50
937,-0.86159873831577,-1.29845886345204,0.321509840598841,38
938,0.0339737179762456,0.0152073987475407,0.332020717541285,73
939,-0.54958791414548,-0.789901957136606,0.335090720038049,50
940,-0.475274730336867,-0.262324873010108,0.330411973975677,69
941,1.67730793316825,2.02924880374469,0.469118319746797,114
942,0.393387072374422,0.346617860549662,0.34150259831801,84
943,0.415133725395778,0.488774917809812,0.348276232981277,84
944,0.914386869601579,0.829726437488888,0.352422885337369,93
945,-2.09307837869805,-1.52661522796988,0.363611648875984,39
946,-0.480885795091555,-0.942300939407168,0.322429312067793,50
947,-0.24621846397188,-0.0140513730533145,0.337527334557421,75
948,0.727125673866293,0.854104607380304,0.360544398600094,92
949,1.89066259093677,1.22387760943759,0.388292732912336,99
950,-0.77253129961802,-0.406813470222933,0.318915377822129,64
951,0.333043592517273,-0.190450412299618,0.363136295574089,73
952,-1.39037136658774,-1.41101359898809,0.343492767777751,42
953,-0.450491485657395,-0.939478439463422,0.333249498502028,49
954,-1.01000126227658,-1.3080709259347,0.340174907651831,39
955,1.06000234076814,0.725547974686866,0.355452343345027,91
956,0.874703073290449,0.983066109511487,0.375167840824993,96
957,-2.03021234875612,-1.6827682244598,0.358694036560296,37
958,-0.686839185712314,-0.710734293487775,0.336807309669727,56
959,1.71703894837933,1.57109951716946,0.420540482422306,104
960,-0.436033308579408,-0.449905723175511,0.341646536273312,62
961,-1.1968664585542,-1.2242642131381,0.352669474407365,46
962,-0.060834869362957,-0.085015948684427,0.339598553188074,71
963,-0.600757669289348,-0.29766987995353,0.335881223778763,65
964,0.440641680550338,0.575912058448573,0.345751275863805,91
965,-0.875235968692941,-1.07779123452991,0.335824087941215,49
966,-0.676437835285236,-0.188488081111456,0.352387105454965,70
967,-1.60877690419048,-1.34442189366783,0.337735951270259,42
968,-0.473225812696982,-0.369456837210896,0.347352759270708,66
969,-0.22290194825036,-0.512979129220226,0.321465381998811,65
970,0.109703991939592,0.11167742418854,0.353004568578532,74
971,-2.06534644812581,-2.10762918395259,0.379279504152078,28
972,-0.849147607958847,-0.933968229965498,0.34687954786204,56
973,1.21302496974218,0.832253530349304,0.372877056601299,91
974,0.715117331573539,0.666776564043617,0.378309789453112,89
975,-0.694563883107616,-1.1599261441261,0.361201999087483,48
976,1.10934028027217,0.577649106022888,0.338951444203755,88
977,-0.915513481708324,-0.483997163321627,0.319012361535311,63
978,-0.51568522114045,-0.657812133200124,0.3422542830151,58
979,0.726391834832844,0.867102685568126,0.368809312761449,95
980,-0.70818397044888,-0.764984612421325,0.341728538044621,57
981,-1.10395300903526,-0.984066530506099,0.343119678273704,50
982,0.72079159307728,0.71359144096686,0.358913243566671,89
983,0.729546204636274,0.63603517399453,0.368989681822663,88
984,-0.747355414033141,-0.511405391487324,0.352921627932315,64
985,1.84669673222939,1.41157562800269,0.425390818118403,101
986,1.28742974613512,1.21773151095737,0.39339436242941,100
987,1.4699848156844,0.826453412830602,0.366899434368998,91
988,0.349632511445903,0.435093943627748,0.358712078332543,81
989,-1.11975045939953,-0.870482517549553,0.322991895505415,53
990,0.577225159084877,0.789604883588878,0.371004872367789,91
991,-0.329574764686421,-0.54452558327785,0.322328026391481,62
992,-0.498151135040837,-0.312729597696066,0.353510137979983,63
993,2.30589467491142,2.20642851149131,0.48144525945887,112
994,-0.529497482119023,-0.87849880634357,0.326884936338643,52
995,1.31103305749117,1.08620483014403,0.374580906837675,96
996,-0.823450333324459,-0.784110979160601,0.32182101654425,53
997,0.264416116407295,0.518736959363678,0.367005348895733,89
998,1.9844165040127,1.55244482161528,0.41256853153039,104
999,0.622782303480127,0.446679954264417,0.345086768611698,83
1000,1.863116821923,1.92749507898342,0.458388435417922,111
